Tempo_s,Velocita_ms,V_Riferimento_ms,Errore_ms,Forza_N,Accelerazione_ms2
0.000,0.0004,0.0200,0.0200,56.00,0.0373
0.010,0.0009,0.0400,0.0396,74.55,0.0497
0.020,0.0015,0.0600,0.0591,91.10,0.0607
0.030,0.0022,0.0800,0.0785,107.48,0.0716
0.040,0.0030,0.1000,0.0978,123.77,0.0824
0.050,0.0039,0.1200,0.1170,139.98,0.0932
0.060,0.0050,0.1400,0.1361,156.10,0.1039
0.070,0.0061,0.1600,0.1550,172.14,0.1146
0.080,0.0074,0.1800,0.1739,188.10,0.1252
0.090,0.0087,0.2000,0.1926,203.98,0.1357
0.100,0.0102,0.2200,0.2113,219.77,0.1462
0.110,0.0118,0.2400,0.2298,235.49,0.1567
0.120,0.0134,0.2600,0.2482,251.12,0.1670
0.130,0.0152,0.2800,0.2666,266.68,0.1773
0.140,0.0171,0.3000,0.2848,282.16,0.1876
0.150,0.0191,0.3200,0.3029,297.56,0.1978
0.160,0.0212,0.3400,0.3209,312.88,0.2079
0.170,0.0233,0.3600,0.3388,328.12,0.2180
0.180,0.0256,0.3800,0.3567,343.28,0.2281
0.190,0.0280,0.4000,0.3744,358.37,0.2381
0.200,0.0305,0.4200,0.3920,373.38,0.2480
0.210,0.0331,0.4400,0.4095,388.32,0.2579
0.220,0.0357,0.4600,0.4269,403.18,0.2677
0.230,0.0385,0.4800,0.4443,417.96,0.2774
0.240,0.0414,0.5000,0.4615,432.67,0.2872
0.250,0.0443,0.5200,0.4786,447.30,0.2968
0.260,0.0474,0.5400,0.4957,461.86,0.3064
0.270,0.0506,0.5600,0.5126,476.35,0.3160
0.280,0.0538,0.5800,0.5294,490.76,0.3255
0.290,0.0572,0.6000,0.5462,505.10,0.3349
0.300,0.0606,0.6200,0.5628,519.37,0.3443
0.310,0.0642,0.6400,0.5794,533.57,0.3537
0.320,0.0678,0.6600,0.5958,547.69,0.3630
0.330,0.0715,0.6800,0.6122,561.74,0.3722
0.340,0.0753,0.7000,0.6285,575.72,0.3814
0.350,0.0792,0.7200,0.6447,589.64,0.3906
0.360,0.0832,0.7400,0.6608,603.48,0.3997
0.370,0.0873,0.7600,0.6768,617.25,0.4087
0.380,0.0915,0.7800,0.6927,630.95,0.4177
0.390,0.0958,0.8000,0.7085,644.58,0.4267
0.400,0.1001,0.8200,0.7242,658.14,0.4356
0.410,0.1046,0.8400,0.7399,671.64,0.4444
0.420,0.1091,0.8600,0.7554,685.07,0.4532
0.430,0.1137,0.8800,0.7709,698.43,0.4620
0.440,0.1184,0.9000,0.7863,711.72,0.4707
0.450,0.1232,0.9200,0.8016,724.94,0.4793
0.460,0.1281,0.9400,0.8168,738.10,0.4880
0.470,0.1330,0.9600,0.8319,751.20,0.4965
0.480,0.1381,0.9800,0.8470,764.22,0.5050
0.490,0.1432,1.0000,0.8619,777.19,0.5135
0.500,0.1485,1.0200,0.8768,790.08,0.5219
0.510,0.1538,1.0400,0.8915,802.91,0.5303
0.520,0.1591,1.0600,0.9062,815.68,0.5387
0.530,0.1646,1.0800,0.9209,828.39,0.5470
0.540,0.1702,1.1000,0.9354,841.03,0.5552
0.550,0.1758,1.1200,0.9498,853.60,0.5634
0.560,0.1815,1.1400,0.9642,866.12,0.5716
0.570,0.1873,1.1600,0.9785,878.57,0.5797
0.580,0.1932,1.1800,0.9927,890.96,0.5877
0.590,0.1991,1.2000,1.0068,903.28,0.5957
0.600,0.2052,1.2200,1.0209,915.55,0.6037
0.610,0.2113,1.2400,1.0348,927.75,0.6117
0.620,0.2175,1.2600,1.0487,939.89,0.6196
0.630,0.2238,1.2800,1.0625,951.98,0.6274
0.640,0.2301,1.3000,1.0762,964.00,0.6352
0.650,0.2366,1.3200,1.0899,975.96,0.6430
0.660,0.2431,1.3400,1.1034,987.86,0.6507
0.670,0.2496,1.3600,1.1169,999.71,0.6584
0.680,0.2563,1.3800,1.1304,1011.49,0.6660
0.690,0.2630,1.4000,1.1437,1023.22,0.6736
0.700,0.2698,1.4200,1.1570,1034.88,0.6812
0.710,0.2767,1.4400,1.1702,1046.49,0.6887
0.720,0.2837,1.4600,1.1833,1058.04,0.6961
0.730,0.2907,1.4800,1.1963,1069.54,0.7036
0.740,0.2978,1.5000,1.2093,1080.98,0.7110
0.750,0.3050,1.5200,1.2222,1092.36,0.7183
0.760,0.3123,1.5400,1.2350,1103.68,0.7256
0.770,0.3196,1.5600,1.2477,1114.95,0.7329
0.780,0.3270,1.5800,1.2604,1126.16,0.7401
0.790,0.3345,1.6000,1.2730,1137.31,0.7473
0.800,0.3420,1.6200,1.2855,1148.42,0.7545
0.810,0.3496,1.6400,1.2980,1159.46,0.7616
0.820,0.3573,1.6600,1.3104,1170.45,0.7686
0.830,0.3651,1.6800,1.3227,1181.39,0.7757
0.840,0.3729,1.7000,1.3349,1192.27,0.7827
0.850,0.3808,1.7200,1.3471,1203.10,0.7896
0.860,0.3888,1.7400,1.3592,1213.88,0.7966
0.870,0.3968,1.7600,1.3712,1224.60,0.8034
0.880,0.4049,1.7800,1.3832,1235.27,0.8103
0.890,0.4131,1.8000,1.3951,1245.89,0.8171
0.900,0.4213,1.8200,1.4069,1256.45,0.8239
0.910,0.4296,1.8400,1.4187,1266.96,0.8306
0.920,0.4380,1.8600,1.4304,1277.42,0.8373
0.930,0.4464,1.8800,1.4420,1287.83,0.8440
0.940,0.4549,1.9000,1.4536,1298.19,0.8506
0.950,0.4635,1.9200,1.4651,1308.50,0.8572
0.960,0.4722,1.9400,1.4765,1318.76,0.8637
0.970,0.4809,1.9600,1.4878,1328.96,0.8702
0.980,0.4896,1.9800,1.4991,1339.12,0.8767
0.990,0.4985,2.0000,1.5104,1349.22,0.8832
1.000,0.5074,2.0200,1.5215,1359.28,0.8896
1.010,0.5163,2.0400,1.5326,1369.29,0.8959
1.020,0.5253,2.0600,1.5437,1379.25,0.9023
1.030,0.5344,2.0800,1.5547,1389.16,0.9086
1.040,0.5436,2.1000,1.5656,1399.02,0.9149
1.050,0.5528,2.1200,1.5764,1408.83,0.9211
1.060,0.5621,2.1400,1.5872,1418.60,0.9273
1.070,0.5714,2.1600,1.5979,1428.31,0.9335
1.080,0.5808,2.1800,1.6086,1437.98,0.9396
1.090,0.5902,2.2000,1.6192,1447.61,0.9457
1.100,0.5998,2.2200,1.6298,1457.18,0.9518
1.110,0.6093,2.2400,1.6402,1466.71,0.9578
1.120,0.6190,2.2600,1.6507,1476.19,0.9638
1.130,0.6287,2.2800,1.6610,1485.63,0.9698
1.140,0.6384,2.3000,1.6713,1495.02,0.9757
1.150,0.6482,2.3200,1.6816,1504.37,0.9816
1.160,0.6581,2.3400,1.6918,1513.67,0.9875
1.170,0.6681,2.3600,1.7019,1522.92,0.9933
1.180,0.6780,2.3800,1.7119,1532.13,0.9992
1.190,0.6881,2.4000,1.7220,1541.29,1.0049
1.200,0.6982,2.4200,1.7319,1550.41,1.0107
1.210,0.7084,2.4400,1.7418,1559.49,1.0164
1.220,0.7186,2.4600,1.7516,1568.52,1.0221
1.230,0.7289,2.4800,1.7614,1577.51,1.0277
1.240,0.7392,2.5000,1.7711,1586.46,1.0333
1.250,0.7496,2.5200,1.7808,1595.36,1.0389
1.260,0.7600,2.5400,1.7904,1604.22,1.0445
1.270,0.7705,2.5600,1.8000,1613.03,1.0500
1.280,0.7811,2.5800,1.8095,1621.81,1.0555
1.290,0.7917,2.6000,1.8189,1630.54,1.0610
1.300,0.8024,2.6200,1.8283,1639.23,1.0664
1.310,0.8131,2.6400,1.8376,1647.87,1.0718
1.320,0.8239,2.6600,1.8469,1656.48,1.0772
1.330,0.8347,2.6800,1.8561,1665.04,1.0826
1.340,0.8456,2.7000,1.8653,1673.57,1.0879
1.350,0.8565,2.7200,1.8744,1682.05,1.0932
1.360,0.8675,2.7400,1.8835,1690.49,1.0984
1.370,0.8785,2.7600,1.8925,1698.89,1.1037
1.380,0.8896,2.7800,1.9015,1707.25,1.1089
1.390,0.9007,2.8000,1.9104,1715.57,1.1141
1.400,0.9119,2.8200,1.9193,1723.85,1.1192
1.410,0.9232,2.8400,1.9281,1732.09,1.1243
1.420,0.9345,2.8600,1.9368,1740.30,1.1294
1.430,0.9458,2.8800,1.9455,1748.46,1.1345
1.440,0.9572,2.9000,1.9542,1756.58,1.1395
1.450,0.9687,2.9200,1.9628,1764.67,1.1445
1.460,0.9802,2.9400,1.9713,1772.71,1.1495
1.470,0.9917,2.9600,1.9798,1780.72,1.1545
1.480,1.0033,2.9800,1.9883,1788.69,1.1594
1.490,1.0149,3.0000,1.9967,1796.62,1.1643
1.500,1.0266,3.0200,2.0051,1804.51,1.1692
1.510,1.0384,3.0400,2.0134,1812.37,1.1740
1.520,1.0502,3.0600,2.0216,1820.19,1.1788
1.530,1.0620,3.0800,2.0298,1827.97,1.1836
1.540,1.0739,3.1000,2.0380,1835.72,1.1884
1.550,1.0858,3.1200,2.0461,1843.42,1.1932
1.560,1.0978,3.1400,2.0542,1851.10,1.1979
1.570,1.1098,3.1600,2.0622,1858.73,1.2026
1.580,1.1219,3.1800,2.0702,1866.33,1.2072
1.590,1.1340,3.2000,2.0781,1873.89,1.2119
1.600,1.1462,3.2200,2.0860,1881.42,1.2165
1.610,1.1584,3.2400,2.0938,1888.91,1.2211
1.620,1.1706,3.2600,2.1016,1896.37,1.2256
1.630,1.1829,3.2800,2.1094,1903.79,1.2302
1.640,1.1953,3.3000,2.1171,1911.18,1.2347
1.650,1.2077,3.3200,2.1247,1918.53,1.2392
1.660,1.2201,3.3400,2.1323,1925.85,1.2436
1.670,1.2326,3.3600,2.1399,1933.13,1.2481
1.680,1.2451,3.3800,2.1474,1940.38,1.2525
1.690,1.2577,3.4000,2.1549,1947.59,1.2569
1.700,1.2703,3.4200,2.1623,1954.77,1.2613
1.710,1.2830,3.4400,2.1697,1961.92,1.2656
1.720,1.2957,3.4600,2.1770,1969.03,1.2699
1.730,1.3084,3.4800,2.1843,1976.11,1.2742
1.740,1.3212,3.5000,2.1916,1983.16,1.2785
1.750,1.3340,3.5200,2.1988,1990.18,1.2827
1.760,1.3469,3.5400,2.2060,1997.16,1.2870
1.770,1.3598,3.5600,2.2131,2004.11,1.2912
1.780,1.3727,3.5800,2.2202,2011.02,1.2954
1.790,1.3857,3.6000,2.2273,2017.91,1.2995
1.800,1.3988,3.6200,2.2343,2024.76,1.3036
1.810,1.4119,3.6400,2.2412,2031.58,1.3078
1.820,1.4250,3.6600,2.2481,2038.37,1.3119
1.830,1.4381,3.6800,2.2550,2045.13,1.3159
1.840,1.4513,3.7000,2.2619,2051.85,1.3200
1.850,1.4646,3.7200,2.2687,2058.55,1.3240
1.860,1.4778,3.7400,2.2754,2065.21,1.3280
1.870,1.4912,3.7600,2.2822,2071.84,1.3320
1.880,1.5045,3.7800,2.2888,2078.44,1.3359
1.890,1.5179,3.8000,2.2955,2085.02,1.3399
1.900,1.5314,3.8200,2.3021,2091.56,1.3438
1.910,1.5448,3.8400,2.3086,2098.07,1.3477
1.920,1.5584,3.8600,2.3152,2104.55,1.3515
1.930,1.5719,3.8800,2.3216,2111.00,1.3554
1.940,1.5855,3.9000,2.3281,2117.42,1.3592
1.950,1.5991,3.9200,2.3345,2123.81,1.3630
1.960,1.6128,3.9400,2.3409,2130.18,1.3668
1.970,1.6265,3.9600,2.3472,2136.51,1.3706
1.980,1.6402,3.9800,2.3535,2142.81,1.3743
1.990,1.6540,4.0000,2.3598,2149.09,1.3781
2.000,1.6678,4.0200,2.3660,2155.34,1.3818
2.010,1.6817,4.0400,2.3722,2161.55,1.3854
2.020,1.6956,4.0600,2.3783,2167.74,1.3891
2.030,1.7095,4.0800,2.3844,2173.90,1.3927
2.040,1.7235,4.1000,2.3905,2180.04,1.3964
2.050,1.7375,4.1200,2.3965,2186.14,1.4000
2.060,1.7515,4.1400,2.4025,2192.22,1.4036
2.070,1.7656,4.1600,2.4085,2198.27,1.4071
2.080,1.7797,4.1800,2.4144,2204.29,1.4107
2.090,1.7938,4.2000,2.4203,2210.29,1.4142
2.100,1.8080,4.2200,2.4262,2216.25,1.4177
2.110,1.8222,4.2400,2.4320,2222.20,1.4212
2.120,1.8365,4.2600,2.4378,2228.11,1.4247
2.130,1.8508,4.2800,2.4435,2234.00,1.4281
2.140,1.8651,4.3000,2.4492,2239.86,1.4315
2.150,1.8794,4.3200,2.4549,2245.69,1.4350
2.160,1.8938,4.3400,2.4606,2251.50,1.4384
2.170,1.9082,4.3600,2.4662,2257.28,1.4417
2.180,1.9227,4.3800,2.4718,2263.03,1.4451
2.190,1.9372,4.4000,2.4773,2268.76,1.4484
2.200,1.9517,4.4200,2.4828,2274.47,1.4517
2.210,1.9662,4.4400,2.4883,2280.14,1.4550
2.220,1.9808,4.4600,2.4938,2285.80,1.4583
2.230,1.9954,4.4800,2.4992,2291.42,1.4616
2.240,2.0101,4.5000,2.5046,2297.03,1.4648
2.250,2.0248,4.5200,2.5099,2302.60,1.4681
2.260,2.0395,4.5400,2.5152,2308.15,1.4713
2.270,2.0542,4.5600,2.5205,2313.68,1.4745
2.280,2.0690,4.5800,2.5258,2319.18,1.4776
2.290,2.0838,4.6000,2.5310,2324.66,1.4808
2.300,2.0986,4.6200,2.5362,2330.11,1.4839
2.310,2.1135,4.6400,2.5414,2335.54,1.4871
2.320,2.1284,4.6600,2.5465,2340.95,1.4902
2.330,2.1433,4.6800,2.5516,2346.33,1.4933
2.340,2.1583,4.7000,2.5567,2351.69,1.4963
2.350,2.1733,4.7200,2.5617,2357.02,1.4994
2.360,2.1883,4.7400,2.5667,2362.33,1.5024
2.370,2.2034,4.7600,2.5717,2367.62,1.5055
2.380,2.2185,4.7800,2.5766,2372.88,1.5085
2.390,2.2336,4.8000,2.5815,2378.12,1.5115
2.400,2.2487,4.8200,2.5864,2383.33,1.5144
2.410,2.2639,4.8400,2.5913,2388.53,1.5174
2.420,2.2791,4.8600,2.5961,2393.70,1.5203
2.430,2.2943,4.8800,2.6009,2398.85,1.5233
2.440,2.3096,4.9000,2.6057,2403.97,1.5262
2.450,2.3249,4.9200,2.6104,2409.07,1.5291
2.460,2.3402,4.9400,2.6151,2414.15,1.5319
2.470,2.3555,4.9600,2.6198,2419.21,1.5348
2.480,2.3709,4.9800,2.6245,2424.25,1.5376
2.490,2.3863,5.0000,2.6291,2429.26,1.5405
2.500,2.4018,5.0200,2.6337,2434.25,1.5433
2.510,2.4172,5.0400,2.6382,2439.22,1.5461
2.520,2.4327,5.0600,2.6428,2444.17,1.5489
2.530,2.4482,5.0800,2.6473,2449.10,1.5516
2.540,2.4638,5.1000,2.6518,2454.01,1.5544
2.550,2.4793,5.1200,2.6562,2458.89,1.5571
2.560,2.4949,5.1400,2.6607,2463.75,1.5599
2.570,2.5106,5.1600,2.6651,2468.60,1.5626
2.580,2.5262,5.1800,2.6694,2473.42,1.5653
2.590,2.5419,5.2000,2.6738,2478.22,1.5679
2.600,2.5576,5.2200,2.6781,2483.00,1.5706
2.610,2.5733,5.2400,2.6824,2487.76,1.5733
2.620,2.5891,5.2600,2.6867,2492.50,1.5759
2.630,2.6049,5.2800,2.6909,2497.21,1.5785
2.640,2.6207,5.3000,2.6951,2501.91,1.5811
2.650,2.6365,5.3200,2.6993,2506.59,1.5837
2.660,2.6524,5.3400,2.7035,2511.25,1.5863
2.670,2.6683,5.3600,2.7076,2515.88,1.5888
2.680,2.6842,5.3800,2.7117,2520.50,1.5914
2.690,2.7001,5.4000,2.7158,2525.10,1.5939
2.700,2.7161,5.4200,2.7199,2529.68,1.5964
2.710,2.7321,5.4400,2.7239,2534.24,1.5990
2.720,2.7481,5.4600,2.7279,2538.78,1.6014
2.730,2.7641,5.4800,2.7319,2543.30,1.6039
2.740,2.7802,5.5000,2.7359,2547.80,1.6064
2.750,2.7963,5.5200,2.7398,2552.28,1.6088
2.760,2.8124,5.5400,2.7437,2556.74,1.6113
2.770,2.8285,5.5600,2.7476,2561.19,1.6137
2.780,2.8447,5.5800,2.7515,2565.61,1.6161
2.790,2.8609,5.6000,2.7553,2570.02,1.6185
2.800,2.8771,5.6200,2.7591,2574.41,1.6209
2.810,2.8933,5.6400,2.7629,2578.78,1.6233
2.820,2.9096,5.6600,2.7667,2583.13,1.6256
2.830,2.9259,5.6800,2.7704,2587.46,1.6280
2.840,2.9422,5.7000,2.7741,2591.78,1.6303
2.850,2.9585,5.7200,2.7778,2596.07,1.6326
2.860,2.9749,5.7400,2.7815,2600.35,1.6350
2.870,2.9912,5.7600,2.7851,2604.61,1.6372
2.880,3.0076,5.7800,2.7888,2608.85,1.6395
2.890,3.0240,5.8000,2.7924,2613.08,1.6418
2.900,3.0405,5.8200,2.7960,2617.29,1.6441
2.910,3.0569,5.8400,2.7995,2621.48,1.6463
2.920,3.0734,5.8600,2.8031,2625.65,1.6485
2.930,3.0899,5.8800,2.8066,2629.80,1.6508
2.940,3.1065,5.9000,2.8101,2633.94,1.6530
2.950,3.1230,5.9200,2.8135,2638.06,1.6552
2.960,3.1396,5.9400,2.8170,2642.17,1.6573
2.970,3.1562,5.9600,2.8204,2646.25,1.6595
2.980,3.1728,5.9800,2.8238,2650.32,1.6617
2.990,3.1894,6.0000,2.8272,2654.38,1.6638
3.000,3.2061,6.0200,2.8306,2658.42,1.6660
3.010,3.2228,6.0400,2.8339,2662.44,1.6681
3.020,3.2395,6.0600,2.8372,2666.44,1.6702
3.030,3.2562,6.0800,2.8405,2670.43,1.6723
3.040,3.2729,6.1000,2.8438,2674.40,1.6744
3.050,3.2897,6.1200,2.8471,2678.35,1.6765
3.060,3.3065,6.1400,2.8503,2682.29,1.6785
3.070,3.3233,6.1600,2.8535,2686.21,1.6806
3.080,3.3401,6.1800,2.8567,2690.12,1.6826
3.090,3.3570,6.2000,2.8599,2694.01,1.6847
3.100,3.3738,6.2200,2.8630,2697.89,1.6867
3.110,3.3907,6.2400,2.8662,2701.74,1.6887
3.120,3.4076,6.2600,2.8693,2705.59,1.6907
3.130,3.4246,6.2800,2.8724,2709.42,1.6927
3.140,3.4415,6.3000,2.8754,2713.23,1.6947
3.150,3.4585,6.3200,2.8785,2717.03,1.6966
3.160,3.4755,6.3400,2.8815,2720.81,1.6986
3.170,3.4925,6.3600,2.8845,2724.58,1.7005
3.180,3.5095,6.3800,2.8875,2728.33,1.7025
3.190,3.5265,6.4000,2.8905,2732.06,1.7044
3.200,3.5436,6.4200,2.8935,2735.79,1.7063
3.210,3.5607,6.4400,2.8964,2739.49,1.7082
3.220,3.5778,6.4600,2.8993,2743.18,1.7101
3.230,3.5949,6.4800,2.9022,2746.86,1.7120
3.240,3.6120,6.5000,2.9051,2750.52,1.7139
3.250,3.6292,6.5200,2.9080,2754.17,1.7157
3.260,3.6464,6.5400,2.9108,2757.81,1.7176
3.270,3.6636,6.5600,2.9136,2761.43,1.7194
3.280,3.6808,6.5800,2.9164,2765.03,1.7212
3.290,3.6980,6.6000,2.9192,2768.62,1.7231
3.300,3.7153,6.6200,2.9220,2772.20,1.7249
3.310,3.7325,6.6400,2.9247,2775.76,1.7267
3.320,3.7498,6.6600,2.9275,2779.31,1.7285
3.330,3.7671,6.6800,2.9302,2782.84,1.7302
3.340,3.7844,6.7000,2.9329,2786.36,1.7320
3.350,3.8018,6.7200,2.9356,2789.87,1.7338
3.360,3.8191,6.7400,2.9382,2793.37,1.7355
3.370,3.8365,6.7600,2.9409,2796.84,1.7373
3.380,3.8539,6.7800,2.9435,2800.31,1.7390
3.390,3.8713,6.8000,2.9461,2803.76,1.7407
3.400,3.8887,6.8200,2.9487,2807.20,1.7424
3.410,3.9062,6.8400,2.9513,2810.63,1.7441
3.420,3.9236,6.8600,2.9538,2814.04,1.7458
3.430,3.9411,6.8800,2.9564,2817.44,1.7475
3.440,3.9586,6.9000,2.9589,2820.83,1.7492
3.450,3.9761,6.9200,2.9614,2824.20,1.7508
3.460,3.9936,6.9400,2.9639,2827.56,1.7525
3.470,4.0112,6.9600,2.9664,2830.91,1.7542
3.480,4.0287,6.9800,2.9688,2834.24,1.7558
3.490,4.0463,7.0000,2.9713,2837.56,1.7574
3.500,4.0639,7.0200,2.9737,2840.87,1.7590
3.510,4.0815,7.0400,2.9761,2844.17,1.7607
3.520,4.0991,7.0600,2.9785,2847.45,1.7623
3.530,4.1168,7.0800,2.9809,2850.73,1.7638
3.540,4.1344,7.1000,2.9832,2853.99,1.7654
3.550,4.1521,7.1200,2.9856,2857.23,1.7670
3.560,4.1698,7.1400,2.9879,2860.47,1.7686
3.570,4.1875,7.1600,2.9902,2863.69,1.7701
3.580,4.2052,7.1800,2.9925,2866.90,1.7717
3.590,4.2229,7.2000,2.9948,2870.10,1.7732
3.600,4.2407,7.2200,2.9971,2873.28,1.7748
3.610,4.2584,7.2400,2.9993,2876.46,1.7763
3.620,4.2762,7.2600,3.0016,2879.62,1.7778
3.630,4.2940,7.2800,3.0038,2882.77,1.7793
3.640,4.3118,7.3000,3.0060,2885.91,1.7808
3.650,4.3296,7.3200,3.0082,2889.03,1.7823
3.660,4.3475,7.3400,3.0104,2892.15,1.7838
3.670,4.3653,7.3600,3.0125,2895.25,1.7853
3.680,4.3832,7.3800,3.0147,2898.35,1.7867
3.690,4.4011,7.4000,3.0168,2901.43,1.7882
3.700,4.4190,7.4200,3.0189,2904.50,1.7896
3.710,4.4369,7.4400,3.0210,2907.55,1.7911
3.720,4.4548,7.4600,3.0231,2910.60,1.7925
3.730,4.4727,7.4800,3.0252,2913.64,1.7939
3.740,4.4907,7.5000,3.0273,2916.66,1.7953
3.750,4.5087,7.5200,3.0293,2919.67,1.7968
3.760,4.5266,7.5400,3.0313,2922.68,1.7982
3.770,4.5446,7.5600,3.0334,2925.67,1.7996
3.780,4.5626,7.5800,3.0354,2928.65,1.8009
3.790,4.5807,7.6000,3.0374,2931.62,1.8023
3.800,4.5987,7.6200,3.0393,2934.58,1.8037
3.810,4.6168,7.6400,3.0413,2937.52,1.8051
3.820,4.6348,7.6600,3.0432,2940.46,1.8064
3.830,4.6529,7.6800,3.0452,2943.39,1.8078
3.840,4.6710,7.7000,3.0471,2946.30,1.8091
3.850,4.6891,7.7200,3.0490,2949.21,1.8104
3.860,4.7072,7.7400,3.0509,2952.11,1.8118
3.870,4.7253,7.7600,3.0528,2954.99,1.8131
3.880,4.7435,7.7800,3.0547,2957.87,1.8144
3.890,4.7616,7.8000,3.0565,2960.73,1.8157
3.900,4.7798,7.8200,3.0584,2963.58,1.8170
3.910,4.7980,7.8400,3.0602,2966.43,1.8183
3.920,4.8162,7.8600,3.0620,2969.26,1.8196
3.930,4.8344,7.8800,3.0638,2972.09,1.8209
3.940,4.8526,7.9000,3.0656,2974.90,1.8221
3.950,4.8709,7.9200,3.0674,2977.70,1.8234
3.960,4.8891,7.9400,3.0691,2980.50,1.8246
3.970,4.9074,7.9600,3.0709,2983.28,1.8259
3.980,4.9256,7.9800,3.0726,2986.06,1.8271
3.990,4.9439,8.0000,3.0744,2988.82,1.8284
4.000,4.9622,8.0200,3.0761,2991.58,1.8296
4.010,4.9805,8.0400,3.0778,2994.32,1.8308
4.020,4.9988,8.0600,3.0795,2997.06,1.8320
4.030,5.0172,8.0800,3.0812,2999.78,1.8332
4.040,5.0355,8.1000,3.0828,3002.50,1.8344
4.050,5.0539,8.1200,3.0845,3005.21,1.8356
4.060,5.0722,8.1400,3.0861,3007.91,1.8368
4.070,5.0906,8.1600,3.0878,3010.60,1.8380
4.080,5.1090,8.1800,3.0894,3013.28,1.8392
4.090,5.1274,8.2000,3.0910,3015.95,1.8403
4.100,5.1458,8.2200,3.0926,3018.61,1.8415
4.110,5.1643,8.2400,3.0942,3021.26,1.8426
4.120,5.1827,8.2600,3.0957,3023.90,1.8438
4.130,5.2011,8.2800,3.0973,3026.54,1.8449
4.140,5.2196,8.3000,3.0989,3029.16,1.8461
4.150,5.2381,8.3200,3.1004,3031.78,1.8472
4.160,5.2566,8.3400,3.1019,3034.39,1.8483
4.170,5.2751,8.3600,3.1034,3036.98,1.8494
4.180,5.2936,8.3800,3.1049,3039.57,1.8505
4.190,5.3121,8.4000,3.1064,3042.16,1.8517
4.200,5.3306,8.4200,3.1079,3044.73,1.8527
4.210,5.3491,8.4400,3.1094,3047.29,1.8538
4.220,5.3677,8.4600,3.1109,3049.85,1.8549
4.230,5.3862,8.4800,3.1123,3052.39,1.8560
4.240,5.4048,8.5000,3.1138,3054.93,1.8571
4.250,5.4234,8.5200,3.1152,3057.46,1.8581
4.260,5.4420,8.5400,3.1166,3059.98,1.8592
4.270,5.4606,8.5600,3.1180,3062.50,1.8603
4.280,5.4792,8.5800,3.1194,3065.00,1.8613
4.290,5.4978,8.6000,3.1208,3067.50,1.8624
4.300,5.5165,8.6200,3.1222,3069.99,1.8634
4.310,5.5351,8.6400,3.1235,3072.47,1.8644
4.320,5.5538,8.6600,3.1249,3074.94,1.8655
4.330,5.5724,8.6800,3.1262,3077.40,1.8665
4.340,5.5911,8.7000,3.1276,3079.86,1.8675
4.350,5.6098,8.7200,3.1289,3082.31,1.8685
4.360,5.6285,8.7400,3.1302,3084.75,1.8695
4.370,5.6472,8.7600,3.1315,3087.18,1.8705
4.380,5.6659,8.7800,3.1328,3089.60,1.8715
4.390,5.6846,8.8000,3.1341,3092.02,1.8725
4.400,5.7034,8.8200,3.1354,3094.43,1.8735
4.410,5.7221,8.8400,3.1366,3096.83,1.8744
4.420,5.7409,8.8600,3.1379,3099.22,1.8754
4.430,5.7596,8.8800,3.1391,3101.61,1.8764
4.440,5.7784,8.9000,3.1404,3103.99,1.8773
4.450,5.7972,8.9200,3.1416,3106.36,1.8783
4.460,5.8160,8.9400,3.1428,3108.72,1.8792
4.470,5.8348,8.9600,3.1440,3111.08,1.8802
4.480,5.8536,8.9800,3.1452,3113.42,1.8811
4.490,5.8724,9.0000,3.1464,3115.76,1.8821
4.500,5.8912,9.0200,3.1476,3118.10,1.8830
4.510,5.9101,9.0400,3.1488,3120.42,1.8839
4.520,5.9289,9.0600,3.1499,3122.74,1.8848
4.530,5.9478,9.0800,3.1511,3125.05,1.8857
4.540,5.9667,9.1000,3.1522,3127.36,1.8866
4.550,5.9855,9.1200,3.1533,3129.65,1.8875
4.560,6.0044,9.1400,3.1545,3131.94,1.8884
4.570,6.0233,9.1600,3.1556,3134.23,1.8893
4.580,6.0422,9.1800,3.1567,3136.50,1.8902
4.590,6.0611,9.2000,3.1578,3138.77,1.8911
4.600,6.0800,9.2200,3.1589,3141.03,1.8920
4.610,6.0990,9.2400,3.1600,3143.29,1.8929
4.620,6.1179,9.2600,3.1610,3145.54,1.8937
4.630,6.1368,9.2800,3.1621,3147.78,1.8946
4.640,6.1558,9.3000,3.1632,3150.01,1.8954
4.650,6.1748,9.3200,3.1642,3152.24,1.8963
4.660,6.1937,9.3400,3.1652,3154.46,1.8971
4.670,6.2127,9.3600,3.1663,3156.67,1.8980
4.680,6.2317,9.3800,3.1673,3158.88,1.8988
4.690,6.2507,9.4000,3.1683,3161.08,1.8997
4.700,6.2697,9.4200,3.1693,3163.28,1.9005
4.710,6.2887,9.4400,3.1703,3165.46,1.9013
4.720,6.3077,9.4600,3.1713,3167.64,1.9021
4.730,6.3268,9.4800,3.1723,3169.82,1.9030
4.740,6.3458,9.5000,3.1732,3171.99,1.9038
4.750,6.3649,9.5200,3.1742,3174.15,1.9046
4.760,6.3839,9.5400,3.1751,3176.30,1.9054
4.770,6.4030,9.5600,3.1761,3178.45,1.9062
4.780,6.4220,9.5800,3.1770,3180.60,1.9070
4.790,6.4411,9.6000,3.1780,3182.73,1.9078
4.800,6.4602,9.6200,3.1789,3184.86,1.9085
4.810,6.4793,9.6400,3.1798,3186.99,1.9093
4.820,6.4984,9.6600,3.1807,3189.10,1.9101
4.830,6.5175,9.6800,3.1816,3191.22,1.9109
4.840,6.5366,9.7000,3.1825,3193.32,1.9116
4.850,6.5557,9.7200,3.1834,3195.42,1.9124
4.860,6.5749,9.7400,3.1843,3197.51,1.9132
4.870,6.5940,9.7600,3.1851,3199.60,1.9139
4.880,6.6132,9.7800,3.1860,3201.68,1.9147
4.890,6.6323,9.8000,3.1868,3203.76,1.9154
4.900,6.6515,9.8200,3.1877,3205.83,1.9161
4.910,6.6706,9.8400,3.1885,3207.89,1.9169
4.920,6.6898,9.8600,3.1894,3209.95,1.9176
4.930,6.7090,9.8800,3.1902,3212.00,1.9183
4.940,6.7282,9.9000,3.1910,3214.05,1.9191
4.950,6.7474,9.9200,3.1918,3216.09,1.9198
4.960,6.7666,9.9400,3.1926,3218.12,1.9205
4.970,6.7858,9.9600,3.1934,3220.15,1.9212
4.980,6.8050,9.9800,3.1942,3222.17,1.9219
4.990,6.8243,10.0000,3.1950,3224.19,1.9226
5.000,6.8431,10.0000,3.1757,3170.20,1.8860
5.010,6.8619,10.0000,3.1569,3153.66,1.8743
5.020,6.8805,10.0000,3.1381,3139.11,1.8640
5.030,6.8990,10.0000,3.1195,3124.72,1.8538
5.040,6.9175,10.0000,3.1010,3110.43,1.8436
5.050,6.9358,10.0000,3.0825,3096.20,1.8336
5.060,6.9540,10.0000,3.0642,3082.06,1.8235
5.070,6.9722,10.0000,3.0460,3067.99,1.8135
5.080,6.9902,10.0000,3.0278,3054.00,1.8036
5.090,7.0082,10.0000,3.0098,3040.09,1.7937
5.100,7.0260,10.0000,2.9918,3026.25,1.7839
5.110,7.0437,10.0000,2.9740,3012.49,1.7741
5.120,7.0614,10.0000,2.9563,2998.80,1.7644
5.130,7.0789,10.0000,2.9386,2985.18,1.7547
5.140,7.0964,10.0000,2.9211,2971.64,1.7451
5.150,7.1137,10.0000,2.9036,2958.18,1.7356
5.160,7.1310,10.0000,2.8863,2944.78,1.7261
5.170,7.1482,10.0000,2.8690,2931.46,1.7166
5.180,7.1652,10.0000,2.8518,2918.21,1.7072
5.190,7.1822,10.0000,2.8348,2905.04,1.6978
5.200,7.1991,10.0000,2.8178,2891.93,1.6885
5.210,7.2159,10.0000,2.8009,2878.90,1.6793
5.220,7.2326,10.0000,2.7841,2865.93,1.6701
5.230,7.2492,10.0000,2.7674,2853.04,1.6609
5.240,7.2657,10.0000,2.7508,2840.22,1.6518
5.250,7.2821,10.0000,2.7343,2827.46,1.6428
5.260,7.2985,10.0000,2.7179,2814.78,1.6338
5.270,7.3147,10.0000,2.7015,2802.17,1.6248
5.280,7.3309,10.0000,2.6853,2789.62,1.6159
5.290,7.3470,10.0000,2.6691,2777.14,1.6071
5.300,7.3629,10.0000,2.6530,2764.73,1.5983
5.310,7.3788,10.0000,2.6371,2752.39,1.5895
5.320,7.3946,10.0000,2.6212,2740.11,1.5808
5.330,7.4104,10.0000,2.6054,2727.90,1.5721
5.340,7.4260,10.0000,2.5896,2715.76,1.5635
5.350,7.4416,10.0000,2.5740,2703.68,1.5549
5.360,7.4570,10.0000,2.5584,2691.67,1.5464
5.370,7.4724,10.0000,2.5430,2679.73,1.5379
5.380,7.4877,10.0000,2.5276,2667.85,1.5295
5.390,7.5029,10.0000,2.5123,2656.03,1.5211
5.400,7.5180,10.0000,2.4971,2644.28,1.5128
5.410,7.5331,10.0000,2.4820,2632.59,1.5045
5.420,7.5480,10.0000,2.4669,2620.96,1.4962
5.430,7.5629,10.0000,2.4520,2609.40,1.4880
5.440,7.5777,10.0000,2.4371,2597.90,1.4798
5.450,7.5924,10.0000,2.4223,2586.47,1.4717
5.460,7.6071,10.0000,2.4076,2575.09,1.4636
5.470,7.6216,10.0000,2.3929,2563.78,1.4556
5.480,7.6361,10.0000,2.3784,2552.53,1.4476
5.490,7.6505,10.0000,2.3639,2541.34,1.4397
5.500,7.6648,10.0000,2.3495,2530.21,1.4318
5.510,7.6791,10.0000,2.3352,2519.14,1.4239
5.520,7.6932,10.0000,2.3209,2508.13,1.4161
5.530,7.7073,10.0000,2.3068,2497.18,1.4083
5.540,7.7213,10.0000,2.2927,2486.29,1.4006
5.550,7.7352,10.0000,2.2787,2475.46,1.3929
5.560,7.7491,10.0000,2.2648,2464.69,1.3853
5.570,7.7629,10.0000,2.2509,2453.98,1.3777
5.580,7.7766,10.0000,2.2371,2443.32,1.3701
5.590,7.7902,10.0000,2.2234,2432.73,1.3626
5.600,7.8037,10.0000,2.2098,2422.19,1.3551
5.610,7.8172,10.0000,2.1963,2411.71,1.3477
5.620,7.8306,10.0000,2.1828,2401.28,1.3403
5.630,7.8440,10.0000,2.1694,2390.91,1.3329
5.640,7.8572,10.0000,2.1560,2380.60,1.3256
5.650,7.8704,10.0000,2.1428,2370.34,1.3183
5.660,7.8835,10.0000,2.1296,2360.14,1.3111
5.670,7.8965,10.0000,2.1165,2350.00,1.3039
5.680,7.9095,10.0000,2.1035,2339.91,1.2967
5.690,7.9224,10.0000,2.0905,2329.87,1.2896
5.700,7.9352,10.0000,2.0776,2319.89,1.2825
5.710,7.9480,10.0000,2.0648,2309.97,1.2755
5.720,7.9607,10.0000,2.0520,2300.10,1.2685
5.730,7.9733,10.0000,2.0393,2290.28,1.2615
5.740,7.9858,10.0000,2.0267,2280.51,1.2546
5.750,7.9983,10.0000,2.0142,2270.80,1.2477
5.760,8.0107,10.0000,2.0017,2261.14,1.2408
5.770,8.0231,10.0000,1.9893,2251.53,1.2340
5.780,8.0353,10.0000,1.9769,2241.98,1.2272
5.790,8.0475,10.0000,1.9647,2232.48,1.2205
5.800,8.0597,10.0000,1.9525,2223.02,1.2138
5.810,8.0717,10.0000,1.9403,2213.62,1.2071
5.820,8.0837,10.0000,1.9283,2204.28,1.2005
5.830,8.0957,10.0000,1.9163,2194.98,1.1939
5.840,8.1076,10.0000,1.9043,2185.73,1.1873
5.850,8.1194,10.0000,1.8924,2176.53,1.1808
5.860,8.1311,10.0000,1.8806,2167.39,1.1743
5.870,8.1428,10.0000,1.8689,2158.29,1.1678
5.880,8.1544,10.0000,1.8572,2149.24,1.1614
5.890,8.1659,10.0000,1.8456,2140.24,1.1550
5.900,8.1774,10.0000,1.8341,2131.29,1.1487
5.910,8.1889,10.0000,1.8226,2122.39,1.1423
5.920,8.2002,10.0000,1.8111,2113.54,1.1361
5.930,8.2115,10.0000,1.7998,2104.73,1.1298
5.940,8.2228,10.0000,1.7885,2095.97,1.1236
5.950,8.2339,10.0000,1.7772,2087.26,1.1174
5.960,8.2450,10.0000,1.7661,2078.60,1.1113
5.970,8.2561,10.0000,1.7550,2069.99,1.1052
5.980,8.2671,10.0000,1.7439,2061.42,1.0991
5.990,8.2780,10.0000,1.7329,2052.90,1.0930
6.000,8.2889,10.0000,1.7220,2044.42,1.0870
6.010,8.2997,10.0000,1.7111,2035.99,1.0810
6.020,8.3104,10.0000,1.7003,2027.61,1.0751
6.030,8.3211,10.0000,1.6896,2019.27,1.0692
6.040,8.3318,10.0000,1.6789,2010.98,1.0633
6.050,8.3423,10.0000,1.6682,2002.73,1.0574
6.060,8.3529,10.0000,1.6577,1994.53,1.0516
6.070,8.3633,10.0000,1.6471,1986.37,1.0458
6.080,8.3737,10.0000,1.6367,1978.25,1.0401
6.090,8.3841,10.0000,1.6263,1970.18,1.0343
6.100,8.3943,10.0000,1.6159,1962.16,1.0286
6.110,8.4046,10.0000,1.6057,1954.18,1.0230
6.120,8.4147,10.0000,1.5954,1946.24,1.0173
6.130,8.4249,10.0000,1.5853,1938.34,1.0117
6.140,8.4349,10.0000,1.5751,1930.49,1.0062
6.150,8.4449,10.0000,1.5651,1922.68,1.0006
6.160,8.4549,10.0000,1.5551,1914.91,0.9951
6.170,8.4648,10.0000,1.5451,1907.18,0.9896
6.180,8.4746,10.0000,1.5352,1899.50,0.9842
6.190,8.4844,10.0000,1.5254,1891.86,0.9788
6.200,8.4941,10.0000,1.5156,1884.26,0.9734
6.210,8.5038,10.0000,1.5059,1876.70,0.9680
6.220,8.5135,10.0000,1.4962,1869.18,0.9627
6.230,8.5230,10.0000,1.4865,1861.70,0.9574
6.240,8.5325,10.0000,1.4770,1854.27,0.9521
6.250,8.5420,10.0000,1.4675,1846.87,0.9468
6.260,8.5514,10.0000,1.4580,1839.51,0.9416
6.270,8.5608,10.0000,1.4486,1832.20,0.9364
6.280,8.5701,10.0000,1.4392,1824.92,0.9313
6.290,8.5794,10.0000,1.4299,1817.69,0.9261
6.300,8.5886,10.0000,1.4206,1810.49,0.9210
6.310,8.5977,10.0000,1.4114,1803.33,0.9159
6.320,8.6068,10.0000,1.4023,1796.21,0.9109
6.330,8.6159,10.0000,1.3932,1789.13,0.9059
6.340,8.6249,10.0000,1.3841,1782.09,0.9009
6.350,8.6339,10.0000,1.3751,1775.08,0.8959
6.360,8.6428,10.0000,1.3661,1768.12,0.8909
6.370,8.6516,10.0000,1.3572,1761.19,0.8860
6.380,8.6605,10.0000,1.3484,1754.30,0.8811
6.390,8.6692,10.0000,1.3395,1747.45,0.8763
6.400,8.6779,10.0000,1.3308,1740.63,0.8714
6.410,8.6866,10.0000,1.3221,1733.85,0.8666
6.420,8.6952,10.0000,1.3134,1727.11,0.8619
6.430,8.7038,10.0000,1.3048,1720.40,0.8571
6.440,8.7123,10.0000,1.2962,1713.73,0.8524
6.450,8.7208,10.0000,1.2877,1707.10,0.8477
6.460,8.7292,10.0000,1.2792,1700.51,0.8430
6.470,8.7376,10.0000,1.2708,1693.94,0.8383
6.480,8.7459,10.0000,1.2624,1687.42,0.8337
6.490,8.7542,10.0000,1.2541,1680.93,0.8291
6.500,8.7625,10.0000,1.2458,1674.48,0.8245
6.510,8.7707,10.0000,1.2375,1668.06,0.8200
6.520,8.7788,10.0000,1.2293,1661.67,0.8154
6.530,8.7869,10.0000,1.2212,1655.32,0.8109
6.540,8.7950,10.0000,1.2131,1649.01,0.8064
6.550,8.8030,10.0000,1.2050,1642.73,0.8020
6.560,8.8110,10.0000,1.1970,1636.48,0.7976
6.570,8.8189,10.0000,1.1890,1630.27,0.7931
6.580,8.8268,10.0000,1.1811,1624.09,0.7888
6.590,8.8347,10.0000,1.1732,1617.94,0.7844
6.600,8.8425,10.0000,1.1653,1611.83,0.7801
6.610,8.8502,10.0000,1.1575,1605.75,0.7758
6.620,8.8579,10.0000,1.1498,1599.71,0.7715
6.630,8.8656,10.0000,1.1421,1593.69,0.7672
6.640,8.8732,10.0000,1.1344,1587.71,0.7630
6.650,8.8808,10.0000,1.1268,1581.76,0.7587
6.660,8.8884,10.0000,1.1192,1575.85,0.7545
6.670,8.8959,10.0000,1.1116,1569.97,0.7504
6.680,8.9033,10.0000,1.1041,1564.11,0.7462
6.690,8.9108,10.0000,1.0967,1558.30,0.7421
6.700,8.9181,10.0000,1.0892,1552.51,0.7380
6.710,8.9255,10.0000,1.0819,1546.75,0.7339
6.720,8.9328,10.0000,1.0745,1541.03,0.7298
6.730,8.9400,10.0000,1.0672,1535.33,0.7258
6.740,8.9472,10.0000,1.0600,1529.67,0.7218
6.750,8.9544,10.0000,1.0528,1524.04,0.7178
6.760,8.9616,10.0000,1.0456,1518.43,0.7138
6.770,8.9687,10.0000,1.0384,1512.86,0.7099
6.780,8.9757,10.0000,1.0313,1507.32,0.7059
6.790,8.9827,10.0000,1.0243,1501.81,0.7020
6.800,8.9897,10.0000,1.0173,1496.33,0.6981
6.810,8.9967,10.0000,1.0103,1490.88,0.6943
6.820,9.0036,10.0000,1.0033,1485.46,0.6904
6.830,9.0104,10.0000,0.9964,1480.07,0.6866
6.840,9.0173,10.0000,0.9896,1474.70,0.6828
6.850,9.0241,10.0000,0.9827,1469.37,0.6790
6.860,9.0308,10.0000,0.9759,1464.06,0.6752
6.870,9.0375,10.0000,0.9692,1458.79,0.6715
6.880,9.0442,10.0000,0.9625,1453.54,0.6678
6.890,9.0508,10.0000,0.9558,1448.32,0.6641
6.900,9.0574,10.0000,0.9492,1443.13,0.6604
6.910,9.0640,10.0000,0.9426,1437.97,0.6567
6.920,9.0705,10.0000,0.9360,1432.84,0.6531
6.930,9.0770,10.0000,0.9295,1427.73,0.6495
6.940,9.0835,10.0000,0.9230,1422.65,0.6459
6.950,9.0899,10.0000,0.9165,1417.60,0.6423
6.960,9.0963,10.0000,0.9101,1412.58,0.6387
6.970,9.1027,10.0000,0.9037,1407.58,0.6352
6.980,9.1090,10.0000,0.8973,1402.61,0.6317
6.990,9.1153,10.0000,0.8910,1397.67,0.6281
7.000,9.1215,10.0000,0.8847,1392.76,0.6247
7.010,9.1277,10.0000,0.8785,1387.87,0.6212
7.020,9.1339,10.0000,0.8723,1383.01,0.6177
7.030,9.1400,10.0000,0.8661,1378.17,0.6143
7.040,9.1461,10.0000,0.8600,1373.36,0.6109
7.050,9.1522,10.0000,0.8539,1368.58,0.6075
7.060,9.1583,10.0000,0.8478,1363.82,0.6041
7.070,9.1643,10.0000,0.8417,1359.09,0.6008
7.080,9.1702,10.0000,0.8357,1354.39,0.5974
7.090,9.1762,10.0000,0.8298,1349.71,0.5941
7.100,9.1821,10.0000,0.8238,1345.05,0.5908
7.110,9.1880,10.0000,0.8179,1340.42,0.5875
7.120,9.1938,10.0000,0.8120,1335.82,0.5843
7.130,9.1996,10.0000,0.8062,1331.24,0.5810
7.140,9.2054,10.0000,0.8004,1326.69,0.5778
7.150,9.2111,10.0000,0.7946,1322.16,0.5746
7.160,9.2169,10.0000,0.7889,1317.65,0.5714
7.170,9.2225,10.0000,0.7831,1313.17,0.5682
7.180,9.2282,10.0000,0.7775,1308.72,0.5651
7.190,9.2338,10.0000,0.7718,1304.29,0.5619
7.200,9.2394,10.0000,0.7662,1299.88,0.5588
7.210,9.2450,10.0000,0.7606,1295.50,0.5557
7.220,9.2505,10.0000,0.7550,1291.14,0.5526
7.230,9.2560,10.0000,0.7495,1286.80,0.5495
7.240,9.2614,10.0000,0.7440,1282.49,0.5465
7.250,9.2669,10.0000,0.7386,1278.20,0.5434
7.260,9.2723,10.0000,0.7331,1273.93,0.5404
7.270,9.2777,10.0000,0.7277,1269.69,0.5374
7.280,9.2830,10.0000,0.7223,1265.47,0.5344
7.290,9.2883,10.0000,0.7170,1261.28,0.5314
7.300,9.2936,10.0000,0.7117,1257.10,0.5285
7.310,9.2988,10.0000,0.7064,1252.95,0.5255
7.320,9.3041,10.0000,0.7012,1248.82,0.5226
7.330,9.3093,10.0000,0.6959,1244.72,0.5197
7.340,9.3144,10.0000,0.6907,1240.63,0.5168
7.350,9.3196,10.0000,0.6856,1236.57,0.5139
7.360,9.3247,10.0000,0.6804,1232.53,0.5110
7.370,9.3298,10.0000,0.6753,1228.52,0.5082
7.380,9.3348,10.0000,0.6702,1224.52,0.5054
7.390,9.3398,10.0000,0.6652,1220.55,0.5025
7.400,9.3448,10.0000,0.6602,1216.59,0.4997
7.410,9.3498,10.0000,0.6552,1212.66,0.4969
7.420,9.3548,10.0000,0.6502,1208.75,0.4942
7.430,9.3597,10.0000,0.6452,1204.87,0.4914
7.440,9.3646,10.0000,0.6403,1201.00,0.4887
7.450,9.3694,10.0000,0.6354,1197.15,0.4859
7.460,9.3743,10.0000,0.6306,1193.33,0.4832
7.470,9.3791,10.0000,0.6257,1189.52,0.4805
7.480,9.3838,10.0000,0.6209,1185.74,0.4779
7.490,9.3886,10.0000,0.6162,1181.98,0.4752
7.500,9.3933,10.0000,0.6114,1178.23,0.4725
7.510,9.3980,10.0000,0.6067,1174.51,0.4699
7.520,9.4027,10.0000,0.6020,1170.81,0.4673
7.530,9.4073,10.0000,0.5973,1167.13,0.4647
7.540,9.4120,10.0000,0.5927,1163.47,0.4621
7.550,9.4165,10.0000,0.5880,1159.82,0.4595
7.560,9.4211,10.0000,0.5835,1156.20,0.4569
7.570,9.4257,10.0000,0.5789,1152.60,0.4544
7.580,9.4302,10.0000,0.5743,1149.02,0.4518
7.590,9.4347,10.0000,0.5698,1145.45,0.4493
7.600,9.4391,10.0000,0.5653,1141.91,0.4468
7.610,9.4436,10.0000,0.5609,1138.39,0.4443
7.620,9.4480,10.0000,0.5564,1134.88,0.4418
7.630,9.4524,10.0000,0.5520,1131.39,0.4393
7.640,9.4568,10.0000,0.5476,1127.93,0.4369
7.650,9.4611,10.0000,0.5432,1124.48,0.4344
7.660,9.4654,10.0000,0.5389,1121.05,0.4320
7.670,9.4697,10.0000,0.5346,1117.64,0.4296
7.680,9.4740,10.0000,0.5303,1114.24,0.4272
7.690,9.4782,10.0000,0.5260,1110.87,0.4248
7.700,9.4825,10.0000,0.5218,1107.51,0.4224
7.710,9.4867,10.0000,0.5175,1104.18,0.4200
7.720,9.4908,10.0000,0.5133,1100.86,0.4177
7.730,9.4950,10.0000,0.5092,1097.55,0.4153
7.740,9.4991,10.0000,0.5050,1094.27,0.4130
7.750,9.5032,10.0000,0.5009,1091.00,0.4107
7.760,9.5073,10.0000,0.4968,1087.76,0.4084
7.770,9.5114,10.0000,0.4927,1084.53,0.4061
7.780,9.5154,10.0000,0.4886,1081.31,0.4038
7.790,9.5194,10.0000,0.4846,1078.12,0.4016
7.800,9.5234,10.0000,0.4806,1074.94,0.3993
7.810,9.5274,10.0000,0.4766,1071.78,0.3971
7.820,9.5313,10.0000,0.4726,1068.64,0.3948
7.830,9.5353,10.0000,0.4687,1065.51,0.3926
7.840,9.5392,10.0000,0.4647,1062.40,0.3904
7.850,9.5431,10.0000,0.4608,1059.31,0.3882
7.860,9.5469,10.0000,0.4569,1056.23,0.3861
7.870,9.5508,10.0000,0.4531,1053.17,0.3839
7.880,9.5546,10.0000,0.4492,1050.13,0.3817
7.890,9.5584,10.0000,0.4454,1047.11,0.3796
7.900,9.5621,10.0000,0.4416,1044.10,0.3775
7.910,9.5659,10.0000,0.4379,1041.10,0.3753
7.920,9.5696,10.0000,0.4341,1038.13,0.3732
7.930,9.5733,10.0000,0.4304,1035.17,0.3711
7.940,9.5770,10.0000,0.4267,1032.22,0.3690
7.950,9.5807,10.0000,0.4230,1029.29,0.3670
7.960,9.5843,10.0000,0.4193,1026.38,0.3649
7.970,9.5880,10.0000,0.4157,1023.49,0.3628
7.980,9.5916,10.0000,0.4120,1020.60,0.3608
7.990,9.5952,10.0000,0.4084,1017.74,0.3588
8.000,9.5987,10.0000,0.4048,1014.89,0.3568
8.010,9.6023,10.0000,0.4013,1012.06,0.3547
8.020,9.6058,10.0000,0.3977,1009.24,0.3527
8.030,9.6093,10.0000,0.3942,1006.43,0.3508
8.040,9.6128,10.0000,0.3907,1003.65,0.3488
8.050,9.6163,10.0000,0.3872,1000.87,0.3468
8.060,9.6197,10.0000,0.3837,998.11,0.3449
8.070,9.6232,10.0000,0.3803,995.37,0.3429
8.080,9.6266,10.0000,0.3768,992.64,0.3410
8.090,9.6300,10.0000,0.3734,989.93,0.3391
8.100,9.6333,10.0000,0.3700,987.23,0.3372
8.110,9.6367,10.0000,0.3667,984.55,0.3353
8.120,9.6400,10.0000,0.3633,981.88,0.3334
8.130,9.6433,10.0000,0.3600,979.22,0.3315
8.140,9.6466,10.0000,0.3567,976.58,0.3296
8.150,9.6499,10.0000,0.3534,973.96,0.3278
8.160,9.6532,10.0000,0.3501,971.35,0.3259
8.170,9.6564,10.0000,0.3468,968.75,0.3241
8.180,9.6596,10.0000,0.3436,966.17,0.3222
8.190,9.6628,10.0000,0.3404,963.60,0.3204
8.200,9.6660,10.0000,0.3372,961.04,0.3186
8.210,9.6692,10.0000,0.3340,958.50,0.3168
8.220,9.6723,10.0000,0.3308,955.97,0.3150
8.230,9.6755,10.0000,0.3277,953.46,0.3132
8.240,9.6786,10.0000,0.3245,950.96,0.3115
8.250,9.6817,10.0000,0.3214,948.47,0.3097
8.260,9.6848,10.0000,0.3183,946.00,0.3079
8.270,9.6878,10.0000,0.3152,943.54,0.3062
8.280,9.6909,10.0000,0.3122,941.10,0.3045
8.290,9.6939,10.0000,0.3091,938.66,0.3027
8.300,9.6969,10.0000,0.3061,936.24,0.3010
8.310,9.6999,10.0000,0.3031,933.84,0.2993
8.320,9.7029,10.0000,0.3001,931.44,0.2976
8.330,9.7058,10.0000,0.2971,929.06,0.2959
8.340,9.7088,10.0000,0.2942,926.70,0.2943
8.350,9.7117,10.0000,0.2912,924.34,0.2926
8.360,9.7146,10.0000,0.2883,922.00,0.2909
8.370,9.7175,10.0000,0.2854,919.67,0.2893
8.380,9.7204,10.0000,0.2825,917.35,0.2877
8.390,9.7232,10.0000,0.2796,915.05,0.2860
8.400,9.7261,10.0000,0.2768,912.76,0.2844
8.410,9.7289,10.0000,0.2739,910.48,0.2828
8.420,9.7317,10.0000,0.2711,908.21,0.2812
8.430,9.7345,10.0000,0.2683,905.96,0.2796
8.440,9.7373,10.0000,0.2655,903.72,0.2780
8.450,9.7401,10.0000,0.2627,901.49,0.2764
8.460,9.7428,10.0000,0.2599,899.27,0.2748
8.470,9.7455,10.0000,0.2572,897.07,0.2733
8.480,9.7483,10.0000,0.2545,894.87,0.2717
8.490,9.7510,10.0000,0.2517,892.69,0.2702
8.500,9.7536,10.0000,0.2490,890.52,0.2686
8.510,9.7563,10.0000,0.2464,888.37,0.2671
8.520,9.7590,10.0000,0.2437,886.22,0.2656
8.530,9.7616,10.0000,0.2410,884.08,0.2641
8.540,9.7642,10.0000,0.2384,881.96,0.2626
8.550,9.7669,10.0000,0.2358,879.85,0.2611
8.560,9.7694,10.0000,0.2331,877.75,0.2596
8.570,9.7720,10.0000,0.2306,875.66,0.2581
8.580,9.7746,10.0000,0.2280,873.59,0.2567
8.590,9.7771,10.0000,0.2254,871.52,0.2552
8.600,9.7797,10.0000,0.2229,869.47,0.2537
8.610,9.7822,10.0000,0.2203,867.42,0.2523
8.620,9.7847,10.0000,0.2178,865.39,0.2509
8.630,9.7872,10.0000,0.2153,863.37,0.2494
8.640,9.7897,10.0000,0.2128,861.36,0.2480
8.650,9.7922,10.0000,0.2103,859.36,0.2466
8.660,9.7946,10.0000,0.2078,857.37,0.2452
8.670,9.7970,10.0000,0.2054,855.40,0.2438
8.680,9.7995,10.0000,0.2030,853.43,0.2424
8.690,9.8019,10.0000,0.2005,851.47,0.2410
8.700,9.8043,10.0000,0.1981,849.53,0.2396
8.710,9.8067,10.0000,0.1957,847.59,0.2383
8.720,9.8090,10.0000,0.1933,845.67,0.2369
8.730,9.8114,10.0000,0.1910,843.76,0.2355
8.740,9.8137,10.0000,0.1886,841.85,0.2342
8.750,9.8161,10.0000,0.1863,839.96,0.2328
8.760,9.8184,10.0000,0.1839,838.08,0.2315
8.770,9.8207,10.0000,0.1816,836.20,0.2302
8.780,9.8230,10.0000,0.1793,834.34,0.2289
8.790,9.8252,10.0000,0.1770,832.49,0.2276
8.800,9.8275,10.0000,0.1748,830.65,0.2263
8.810,9.8297,10.0000,0.1725,828.82,0.2250
8.820,9.8320,10.0000,0.1703,826.99,0.2237
8.830,9.8342,10.0000,0.1680,825.18,0.2224
8.840,9.8364,10.0000,0.1658,823.38,0.2211
8.850,9.8386,10.0000,0.1636,821.59,0.2198
8.860,9.8408,10.0000,0.1614,819.80,0.2186
8.870,9.8430,10.0000,0.1592,818.03,0.2173
8.880,9.8451,10.0000,0.1570,816.27,0.2161
8.890,9.8473,10.0000,0.1549,814.51,0.2148
8.900,9.8494,10.0000,0.1527,812.77,0.2136
8.910,9.8515,10.0000,0.1506,811.04,0.2124
8.920,9.8537,10.0000,0.1485,809.31,0.2112
8.930,9.8558,10.0000,0.1463,807.59,0.2099
8.940,9.8578,10.0000,0.1442,805.89,0.2087
8.950,9.8599,10.0000,0.1422,804.19,0.2075
8.960,9.8620,10.0000,0.1401,802.50,0.2063
8.970,9.8640,10.0000,0.1380,800.82,0.2051
8.980,9.8661,10.0000,0.1360,799.15,0.2040
8.990,9.8681,10.0000,0.1339,797.49,0.2028
9.000,9.8701,10.0000,0.1319,795.84,0.2016
9.010,9.8721,10.0000,0.1299,794.20,0.2005
9.020,9.8741,10.0000,0.1279,792.57,0.1993
9.030,9.8761,10.0000,0.1259,790.94,0.1982
9.040,9.8781,10.0000,0.1239,789.33,0.1970
9.050,9.8800,10.0000,0.1219,787.72,0.1959
9.060,9.8820,10.0000,0.1200,786.12,0.1947
9.070,9.8839,10.0000,0.1180,784.53,0.1936
9.080,9.8858,10.0000,0.1161,782.95,0.1925
9.090,9.8877,10.0000,0.1142,781.38,0.1914
9.100,9.8897,10.0000,0.1123,779.81,0.1903
9.110,9.8915,10.0000,0.1103,778.26,0.1892
9.120,9.8934,10.0000,0.1085,776.71,0.1881
9.130,9.8953,10.0000,0.1066,775.17,0.1870
9.140,9.8972,10.0000,0.1047,773.64,0.1859
9.150,9.8990,10.0000,0.1028,772.12,0.1848
9.160,9.9008,10.0000,0.1010,770.61,0.1838
9.170,9.9027,10.0000,0.0992,769.10,0.1827
9.180,9.9045,10.0000,0.0973,767.60,0.1816
9.190,9.9063,10.0000,0.0955,766.12,0.1806
9.200,9.9081,10.0000,0.0937,764.64,0.1795
9.210,9.9099,10.0000,0.0919,763.16,0.1785
9.220,9.9116,10.0000,0.0901,761.70,0.1775
9.230,9.9134,10.0000,0.0884,760.24,0.1764
9.240,9.9152,10.0000,0.0866,758.79,0.1754
9.250,9.9169,10.0000,0.0848,757.35,0.1744
9.260,9.9186,10.0000,0.0831,755.92,0.1734
9.270,9.9204,10.0000,0.0814,754.49,0.1724
9.280,9.9221,10.0000,0.0796,753.08,0.1714
9.290,9.9238,10.0000,0.0779,751.67,0.1704
9.300,9.9255,10.0000,0.0762,750.26,0.1694
9.310,9.9272,10.0000,0.0745,748.87,0.1684
9.320,9.9288,10.0000,0.0728,747.48,0.1674
9.330,9.9305,10.0000,0.0712,746.10,0.1664
9.340,9.9322,10.0000,0.0695,744.73,0.1655
9.350,9.9338,10.0000,0.0678,743.37,0.1645
9.360,9.9354,10.0000,0.0662,742.01,0.1635
9.370,9.9371,10.0000,0.0646,740.66,0.1626
9.380,9.9387,10.0000,0.0629,739.32,0.1616
9.390,9.9403,10.0000,0.0613,737.98,0.1607
9.400,9.9419,10.0000,0.0597,736.66,0.1598
9.410,9.9435,10.0000,0.0581,735.34,0.1588
9.420,9.9450,10.0000,0.0565,734.02,0.1579
9.430,9.9466,10.0000,0.0550,732.72,0.1570
9.440,9.9482,10.0000,0.0534,731.42,0.1561
9.450,9.9497,10.0000,0.0518,730.12,0.1551
9.460,9.9513,10.0000,0.0503,728.84,0.1542
9.470,9.9528,10.0000,0.0487,727.56,0.1533
9.480,9.9543,10.0000,0.0472,726.29,0.1524
9.490,9.9558,10.0000,0.0457,725.03,0.1515
9.500,9.9574,10.0000,0.0442,723.77,0.1507
9.510,9.9589,10.0000,0.0426,722.52,0.1498
9.520,9.9603,10.0000,0.0411,721.28,0.1489
9.530,9.9618,10.0000,0.0397,720.04,0.1480
9.540,9.9633,10.0000,0.0382,718.81,0.1471
9.550,9.9648,10.0000,0.0367,717.59,0.1463
9.560,9.9662,10.0000,0.0352,716.37,0.1454
9.570,9.9677,10.0000,0.0338,715.16,0.1446
9.580,9.9691,10.0000,0.0323,713.96,0.1437
9.590,9.9705,10.0000,0.0309,712.76,0.1429
9.600,9.9719,10.0000,0.0295,711.57,0.1420
9.610,9.9734,10.0000,0.0281,710.39,0.1412
9.620,9.9748,10.0000,0.0266,709.21,0.1404
9.630,9.9762,10.0000,0.0252,708.04,0.1395
9.640,9.9775,10.0000,0.0238,706.87,0.1387
9.650,9.9789,10.0000,0.0225,705.72,0.1379
9.660,9.9803,10.0000,0.0211,704.56,0.1371
9.670,9.9816,10.0000,0.0197,703.42,0.1363
9.680,9.9830,10.0000,0.0184,702.28,0.1355
9.690,9.9844,10.0000,0.0170,701.14,0.1347
9.700,9.9857,10.0000,0.0156,700.02,0.1339
9.710,9.9870,10.0000,0.0143,698.90,0.1331
9.720,9.9883,10.0000,0.0130,697.78,0.1323
9.730,9.9897,10.0000,0.0117,696.67,0.1315
9.740,9.9910,10.0000,0.0103,695.57,0.1307
9.750,9.9923,10.0000,0.0090,694.47,0.1300
9.760,9.9936,10.0000,0.0077,693.38,0.1292
9.770,9.9948,10.0000,0.0064,692.30,0.1284
9.780,9.9961,10.0000,0.0052,691.22,0.1277
9.790,9.9974,10.0000,0.0039,690.15,0.1269
9.800,9.9986,10.0000,0.0026,689.08,0.1261
9.810,9.9999,10.0000,0.0014,688.02,0.1254
9.820,10.0011,10.0000,0.0001,686.96,0.1246
9.830,10.0024,10.0000,-0.0011,685.91,0.1239
9.840,10.0036,10.0000,-0.0024,684.87,0.1232
9.850,10.0048,10.0000,-0.0036,683.83,0.1224
9.860,10.0061,10.0000,-0.0048,682.80,0.1217
9.870,10.0073,10.0000,-0.0061,681.77,0.1210
9.880,10.0085,10.0000,-0.0073,680.75,0.1203
9.890,10.0097,10.0000,-0.0085,679.73,0.1195
9.900,10.0109,10.0000,-0.0097,678.72,0.1188
9.910,10.0120,10.0000,-0.0109,677.72,0.1181
9.920,10.0132,10.0000,-0.0120,676.72,0.1174
9.930,10.0144,10.0000,-0.0132,675.73,0.1167
9.940,10.0155,10.0000,-0.0144,674.74,0.1160
9.950,10.0167,10.0000,-0.0155,673.75,0.1153
9.960,10.0178,10.0000,-0.0167,672.78,0.1146
9.970,10.0190,10.0000,-0.0178,671.80,0.1139
9.980,10.0201,10.0000,-0.0190,670.84,0.1133
9.990,10.0212,10.0000,-0.0201,669.87,0.1126
10.000,10.0224,10.0000,-0.0212,668.92,0.1119
10.010,10.0235,10.0000,-0.0224,667.97,0.1112
10.020,10.0246,10.0000,-0.0235,667.02,0.1106
10.030,10.0257,10.0000,-0.0246,666.08,0.1099
10.040,10.0268,10.0000,-0.0257,665.14,0.1092
10.050,10.0279,10.0000,-0.0268,664.21,0.1086
10.060,10.0289,10.0000,-0.0279,663.29,0.1079
10.070,10.0300,10.0000,-0.0289,662.37,0.1073
10.080,10.0311,10.0000,-0.0300,661.45,0.1066
10.090,10.0321,10.0000,-0.0311,660.54,0.1060
10.100,10.0332,10.0000,-0.0321,659.63,0.1054
10.110,10.0342,10.0000,-0.0332,658.73,0.1047
10.120,10.0353,10.0000,-0.0342,657.84,0.1041
10.130,10.0363,10.0000,-0.0353,656.95,0.1035
10.140,10.0373,10.0000,-0.0363,656.06,0.1028
10.150,10.0384,10.0000,-0.0373,655.18,0.1022
10.160,10.0394,10.0000,-0.0384,654.30,0.1016
10.170,10.0404,10.0000,-0.0394,653.43,0.1010
10.180,10.0414,10.0000,-0.0404,652.56,0.1004
10.190,10.0424,10.0000,-0.0414,651.70,0.0998
10.200,10.0434,10.0000,-0.0424,650.84,0.0991
10.210,10.0444,10.0000,-0.0434,649.99,0.0985
10.220,10.0453,10.0000,-0.0444,649.14,0.0979
10.230,10.0463,10.0000,-0.0453,648.30,0.0974
10.240,10.0473,10.0000,-0.0463,647.46,0.0968
10.250,10.0482,10.0000,-0.0473,646.62,0.0962
10.260,10.0492,10.0000,-0.0482,645.79,0.0956
10.270,10.0501,10.0000,-0.0492,644.97,0.0950
10.280,10.0511,10.0000,-0.0501,644.15,0.0944
10.290,10.0520,10.0000,-0.0511,643.33,0.0939
10.300,10.0530,10.0000,-0.0520,642.52,0.0933
10.310,10.0539,10.0000,-0.0530,641.71,0.0927
10.320,10.0548,10.0000,-0.0539,640.91,0.0921
10.330,10.0557,10.0000,-0.0548,640.11,0.0916
10.340,10.0566,10.0000,-0.0557,639.32,0.0910
10.350,10.0575,10.0000,-0.0566,638.53,0.0905
10.360,10.0584,10.0000,-0.0575,637.74,0.0899
10.370,10.0593,10.0000,-0.0584,636.96,0.0894
10.380,10.0602,10.0000,-0.0593,636.18,0.0888
10.390,10.0611,10.0000,-0.0602,635.41,0.0883
10.400,10.0620,10.0000,-0.0611,634.64,0.0877
10.410,10.0629,10.0000,-0.0620,633.87,0.0872
10.420,10.0637,10.0000,-0.0629,633.11,0.0866
10.430,10.0646,10.0000,-0.0637,632.36,0.0861
10.440,10.0654,10.0000,-0.0646,631.61,0.0856
10.450,10.0663,10.0000,-0.0654,630.86,0.0851
10.460,10.0671,10.0000,-0.0663,630.11,0.0845
10.470,10.0680,10.0000,-0.0671,629.37,0.0840
10.480,10.0688,10.0000,-0.0680,628.64,0.0835
10.490,10.0696,10.0000,-0.0688,627.91,0.0830
10.500,10.0705,10.0000,-0.0696,627.18,0.0825
10.510,10.0713,10.0000,-0.0705,626.45,0.0820
10.520,10.0721,10.0000,-0.0713,625.73,0.0814
10.530,10.0729,10.0000,-0.0721,625.02,0.0809
10.540,10.0737,10.0000,-0.0729,624.31,0.0804
10.550,10.0745,10.0000,-0.0737,623.60,0.0799
10.560,10.0753,10.0000,-0.0745,622.89,0.0794
10.570,10.0761,10.0000,-0.0753,622.19,0.0790
10.580,10.0769,10.0000,-0.0761,621.50,0.0785
10.590,10.0777,10.0000,-0.0769,620.80,0.0780
10.600,10.0784,10.0000,-0.0777,620.11,0.0775
10.610,10.0792,10.0000,-0.0784,619.43,0.0770
10.620,10.0800,10.0000,-0.0792,618.75,0.0765
10.630,10.0807,10.0000,-0.0800,618.07,0.0760
10.640,10.0815,10.0000,-0.0807,617.40,0.0756
10.650,10.0822,10.0000,-0.0815,616.72,0.0751
10.660,10.0830,10.0000,-0.0822,616.06,0.0746
10.670,10.0837,10.0000,-0.0830,615.39,0.0742
10.680,10.0845,10.0000,-0.0837,614.73,0.0737
10.690,10.0852,10.0000,-0.0845,614.08,0.0732
10.700,10.0859,10.0000,-0.0852,613.43,0.0728
10.710,10.0866,10.0000,-0.0859,612.78,0.0723
10.720,10.0874,10.0000,-0.0866,612.13,0.0719
10.730,10.0881,10.0000,-0.0874,611.49,0.0714
10.740,10.0888,10.0000,-0.0881,610.85,0.0710
10.750,10.0895,10.0000,-0.0888,610.22,0.0705
10.760,10.0902,10.0000,-0.0895,609.59,0.0701
10.770,10.0909,10.0000,-0.0902,608.96,0.0696
10.780,10.0916,10.0000,-0.0909,608.33,0.0692
10.790,10.0923,10.0000,-0.0916,607.71,0.0688
10.800,10.0930,10.0000,-0.0923,607.09,0.0683
10.810,10.0936,10.0000,-0.0930,606.48,0.0679
10.820,10.0943,10.0000,-0.0936,605.87,0.0675
10.830,10.0950,10.0000,-0.0943,605.26,0.0670
10.840,10.0956,10.0000,-0.0950,604.66,0.0666
10.850,10.0963,10.0000,-0.0956,604.06,0.0662
10.860,10.0970,10.0000,-0.0963,603.46,0.0658
10.870,10.0976,10.0000,-0.0970,602.86,0.0653
10.880,10.0983,10.0000,-0.0976,602.27,0.0649
10.890,10.0989,10.0000,-0.0983,601.69,0.0645
10.900,10.0996,10.0000,-0.0989,601.10,0.0641
10.910,10.1002,10.0000,-0.0996,600.52,0.0637
10.920,10.1008,10.0000,-0.1002,599.94,0.0633
10.930,10.1014,10.0000,-0.1008,599.37,0.0629
10.940,10.1021,10.0000,-0.1014,598.79,0.0625
10.950,10.1027,10.0000,-0.1021,598.22,0.0621
10.960,10.1033,10.0000,-0.1027,597.66,0.0617
10.970,10.1039,10.0000,-0.1033,597.10,0.0613
10.980,10.1045,10.0000,-0.1039,596.54,0.0609
10.990,10.1051,10.0000,-0.1045,595.98,0.0605
11.000,10.1057,10.0000,-0.1051,595.43,0.0601
11.010,10.1063,10.0000,-0.1057,594.87,0.0597
11.020,10.1069,10.0000,-0.1063,594.33,0.0593
11.030,10.1075,10.0000,-0.1069,593.78,0.0590
11.040,10.1081,10.0000,-0.1075,593.24,0.0586
11.050,10.1087,10.0000,-0.1081,592.70,0.0582
11.060,10.1093,10.0000,-0.1087,592.17,0.0578
11.070,10.1098,10.0000,-0.1093,591.63,0.0574
11.080,10.1104,10.0000,-0.1098,591.10,0.0571
11.090,10.1110,10.0000,-0.1104,590.58,0.0567
11.100,10.1115,10.0000,-0.1110,590.05,0.0563
11.110,10.1121,10.0000,-0.1115,589.53,0.0560
11.120,10.1127,10.0000,-0.1121,589.01,0.0556
11.130,10.1132,10.0000,-0.1127,588.50,0.0552
11.140,10.1138,10.0000,-0.1132,587.98,0.0549
11.150,10.1143,10.0000,-0.1138,587.47,0.0545
11.160,10.1148,10.0000,-0.1143,586.97,0.0542
11.170,10.1154,10.0000,-0.1148,586.46,0.0538
11.180,10.1159,10.0000,-0.1154,585.96,0.0535
11.190,10.1164,10.0000,-0.1159,585.46,0.0531
11.200,10.1170,10.0000,-0.1164,584.97,0.0528
11.210,10.1175,10.0000,-0.1170,584.47,0.0524
11.220,10.1180,10.0000,-0.1175,583.98,0.0521
11.230,10.1185,10.0000,-0.1180,583.49,0.0517
11.240,10.1191,10.0000,-0.1185,583.01,0.0514
11.250,10.1196,10.0000,-0.1191,582.53,0.0510
11.260,10.1201,10.0000,-0.1196,582.05,0.0507
11.270,10.1206,10.0000,-0.1201,581.57,0.0504
11.280,10.1211,10.0000,-0.1206,581.09,0.0500
11.290,10.1216,10.0000,-0.1211,580.62,0.0497
11.300,10.1221,10.0000,-0.1216,580.15,0.0494
11.310,10.1226,10.0000,-0.1221,579.68,0.0491
11.320,10.1230,10.0000,-0.1226,579.22,0.0487
11.330,10.1235,10.0000,-0.1230,578.76,0.0484
11.340,10.1240,10.0000,-0.1235,578.30,0.0481
11.350,10.1245,10.0000,-0.1240,577.84,0.0478
11.360,10.1250,10.0000,-0.1245,577.39,0.0474
11.370,10.1254,10.0000,-0.1250,576.93,0.0471
11.380,10.1259,10.0000,-0.1254,576.48,0.0468
11.390,10.1264,10.0000,-0.1259,576.04,0.0465
11.400,10.1268,10.0000,-0.1264,575.59,0.0462
11.410,10.1273,10.0000,-0.1268,575.15,0.0459
11.420,10.1277,10.0000,-0.1273,574.71,0.0456
11.430,10.1282,10.0000,-0.1277,574.27,0.0453
11.440,10.1286,10.0000,-0.1282,573.84,0.0450
11.450,10.1291,10.0000,-0.1286,573.41,0.0446
11.460,10.1295,10.0000,-0.1291,572.98,0.0443
11.470,10.1300,10.0000,-0.1295,572.55,0.0440
11.480,10.1304,10.0000,-0.1300,572.12,0.0437
11.490,10.1308,10.0000,-0.1304,571.70,0.0435
11.500,10.1313,10.0000,-0.1308,571.28,0.0432
11.510,10.1317,10.0000,-0.1313,570.86,0.0429
11.520,10.1321,10.0000,-0.1317,570.44,0.0426
11.530,10.1326,10.0000,-0.1321,570.03,0.0423
11.540,10.1330,10.0000,-0.1326,569.62,0.0420
11.550,10.1334,10.0000,-0.1330,569.21,0.0417
11.560,10.1338,10.0000,-0.1334,568.80,0.0414
11.570,10.1342,10.0000,-0.1338,568.40,0.0411
11.580,10.1346,10.0000,-0.1342,567.99,0.0409
11.590,10.1350,10.0000,-0.1346,567.59,0.0406
11.600,10.1354,10.0000,-0.1350,567.19,0.0403
11.610,10.1358,10.0000,-0.1354,566.80,0.0400
11.620,10.1362,10.0000,-0.1358,566.40,0.0397
11.630,10.1366,10.0000,-0.1362,566.01,0.0395
11.640,10.1370,10.0000,-0.1366,565.62,0.0392
11.650,10.1374,10.0000,-0.1370,565.23,0.0389
11.660,10.1378,10.0000,-0.1374,564.85,0.0387
11.670,10.1382,10.0000,-0.1378,564.46,0.0384
11.680,10.1386,10.0000,-0.1382,564.08,0.0381
11.690,10.1389,10.0000,-0.1386,563.70,0.0379
11.700,10.1393,10.0000,-0.1389,563.33,0.0376
11.710,10.1397,10.0000,-0.1393,562.95,0.0373
11.720,10.1401,10.0000,-0.1397,562.58,0.0371
11.730,10.1404,10.0000,-0.1401,562.21,0.0368
11.740,10.1408,10.0000,-0.1404,561.84,0.0365
11.750,10.1412,10.0000,-0.1408,561.47,0.0363
11.760,10.1415,10.0000,-0.1412,561.11,0.0360
11.770,10.1419,10.0000,-0.1415,560.74,0.0358
11.780,10.1422,10.0000,-0.1419,560.38,0.0355
11.790,10.1426,10.0000,-0.1422,560.02,0.0353
11.800,10.1429,10.0000,-0.1426,559.67,0.0350
11.810,10.1433,10.0000,-0.1429,559.31,0.0348
11.820,10.1436,10.0000,-0.1433,558.96,0.0345
11.830,10.1440,10.0000,-0.1436,558.61,0.0343
11.840,10.1443,10.0000,-0.1440,558.26,0.0340
11.850,10.1446,10.0000,-0.1443,557.91,0.0338
11.860,10.1450,10.0000,-0.1446,557.56,0.0336
11.870,10.1453,10.0000,-0.1450,557.22,0.0333
11.880,10.1456,10.0000,-0.1453,556.88,0.0331
11.890,10.1460,10.0000,-0.1456,556.54,0.0328
11.900,10.1463,10.0000,-0.1460,556.20,0.0326
11.910,10.1466,10.0000,-0.1463,555.87,0.0324
11.920,10.1469,10.0000,-0.1466,555.53,0.0321
11.930,10.1473,10.0000,-0.1469,555.20,0.0319
11.940,10.1476,10.0000,-0.1473,554.87,0.0317
11.950,10.1479,10.0000,-0.1476,554.54,0.0314
11.960,10.1482,10.0000,-0.1479,554.21,0.0312
11.970,10.1485,10.0000,-0.1482,553.89,0.0310
11.980,10.1488,10.0000,-0.1485,553.56,0.0308
11.990,10.1491,10.0000,-0.1488,553.24,0.0305
12.000,10.1494,10.0000,-0.1491,552.92,0.0303
12.010,10.1497,10.0000,-0.1494,552.60,0.0301
12.020,10.1500,10.0000,-0.1497,552.29,0.0299
12.030,10.1503,10.0000,-0.1500,551.97,0.0296
12.040,10.1506,10.0000,-0.1503,551.66,0.0294
12.050,10.1509,10.0000,-0.1506,551.35,0.0292
12.060,10.1512,10.0000,-0.1509,551.04,0.0290
12.070,10.1515,10.0000,-0.1512,550.73,0.0288
12.080,10.1518,10.0000,-0.1515,550.43,0.0286
12.090,10.1521,10.0000,-0.1518,550.12,0.0284
12.100,10.1523,10.0000,-0.1521,549.82,0.0281
12.110,10.1526,10.0000,-0.1523,549.52,0.0279
12.120,10.1529,10.0000,-0.1526,549.22,0.0277
12.130,10.1532,10.0000,-0.1529,548.92,0.0275
12.140,10.1534,10.0000,-0.1532,548.62,0.0273
12.150,10.1537,10.0000,-0.1534,548.33,0.0271
12.160,10.1540,10.0000,-0.1537,548.04,0.0269
12.170,10.1543,10.0000,-0.1540,547.74,0.0267
12.180,10.1545,10.0000,-0.1543,547.46,0.0265
12.190,10.1548,10.0000,-0.1545,547.17,0.0263
12.200,10.1550,10.0000,-0.1548,546.88,0.0261
12.210,10.1553,10.0000,-0.1550,546.60,0.0259
12.220,10.1556,10.0000,-0.1553,546.31,0.0257
12.230,10.1558,10.0000,-0.1556,546.03,0.0255
12.240,10.1561,10.0000,-0.1558,545.75,0.0253
12.250,10.1563,10.0000,-0.1561,545.47,0.0251
12.260,10.1566,10.0000,-0.1563,545.19,0.0249
12.270,10.1568,10.0000,-0.1566,544.92,0.0247
12.280,10.1571,10.0000,-0.1568,544.64,0.0245
12.290,10.1573,10.0000,-0.1571,544.37,0.0243
12.300,10.1575,10.0000,-0.1573,544.10,0.0242
12.310,10.1578,10.0000,-0.1575,543.83,0.0240
12.320,10.1580,10.0000,-0.1578,543.56,0.0238
12.330,10.1583,10.0000,-0.1580,543.29,0.0236
12.340,10.1585,10.0000,-0.1583,543.03,0.0234
12.350,10.1587,10.0000,-0.1585,542.77,0.0232
12.360,10.1590,10.0000,-0.1587,542.50,0.0230
12.370,10.1592,10.0000,-0.1590,542.24,0.0229
12.380,10.1594,10.0000,-0.1592,541.98,0.0227
12.390,10.1596,10.0000,-0.1594,541.72,0.0225
12.400,10.1599,10.0000,-0.1596,541.47,0.0223
12.410,10.1601,10.0000,-0.1599,541.21,0.0221
12.420,10.1603,10.0000,-0.1601,540.96,0.0220
12.430,10.1605,10.0000,-0.1603,540.71,0.0218
12.440,10.1607,10.0000,-0.1605,540.45,0.0216
12.450,10.1609,10.0000,-0.1607,540.21,0.0214
12.460,10.1612,10.0000,-0.1609,539.96,0.0213
12.470,10.1614,10.0000,-0.1612,539.71,0.0211
12.480,10.1616,10.0000,-0.1614,539.46,0.0209
12.490,10.1618,10.0000,-0.1616,539.22,0.0208
12.500,10.1620,10.0000,-0.1618,538.98,0.0206
12.510,10.1622,10.0000,-0.1620,538.74,0.0204
12.520,10.1624,10.0000,-0.1622,538.49,0.0203
12.530,10.1626,10.0000,-0.1624,538.26,0.0201
12.540,10.1628,10.0000,-0.1626,538.02,0.0199
12.550,10.1630,10.0000,-0.1628,537.78,0.0198
12.560,10.1632,10.0000,-0.1630,537.55,0.0196
12.570,10.1634,10.0000,-0.1632,537.31,0.0194
12.580,10.1636,10.0000,-0.1634,537.08,0.0193
12.590,10.1638,10.0000,-0.1636,536.85,0.0191
12.600,10.1640,10.0000,-0.1638,536.62,0.0190
12.610,10.1642,10.0000,-0.1640,536.39,0.0188
12.620,10.1643,10.0000,-0.1642,536.16,0.0186
12.630,10.1645,10.0000,-0.1643,535.94,0.0185
12.640,10.1647,10.0000,-0.1645,535.71,0.0183
12.650,10.1649,10.0000,-0.1647,535.49,0.0182
12.660,10.1651,10.0000,-0.1649,535.27,0.0180
12.670,10.1652,10.0000,-0.1651,535.05,0.0179
12.680,10.1654,10.0000,-0.1652,534.83,0.0177
12.690,10.1656,10.0000,-0.1654,534.61,0.0176
12.700,10.1658,10.0000,-0.1656,534.39,0.0174
12.710,10.1659,10.0000,-0.1658,534.17,0.0173
12.720,10.1661,10.0000,-0.1659,533.96,0.0171
12.730,10.1663,10.0000,-0.1661,533.74,0.0170
12.740,10.1665,10.0000,-0.1663,533.53,0.0168
12.750,10.1666,10.0000,-0.1665,533.32,0.0167
12.760,10.1668,10.0000,-0.1666,533.11,0.0165
12.770,10.1669,10.0000,-0.1668,532.90,0.0164
12.780,10.1671,10.0000,-0.1669,532.69,0.0162
12.790,10.1673,10.0000,-0.1671,532.48,0.0161
12.800,10.1674,10.0000,-0.1673,532.28,0.0159
12.810,10.1676,10.0000,-0.1674,532.07,0.0158
12.820,10.1677,10.0000,-0.1676,531.87,0.0157
12.830,10.1679,10.0000,-0.1677,531.67,0.0155
12.840,10.1681,10.0000,-0.1679,531.47,0.0154
12.850,10.1682,10.0000,-0.1681,531.26,0.0152
12.860,10.1684,10.0000,-0.1682,531.07,0.0151
12.870,10.1685,10.0000,-0.1684,530.87,0.0150
12.880,10.1687,10.0000,-0.1685,530.67,0.0148
12.890,10.1688,10.0000,-0.1687,530.47,0.0147
12.900,10.1689,10.0000,-0.1688,530.28,0.0146
12.910,10.1691,10.0000,-0.1689,530.09,0.0144
12.920,10.1692,10.0000,-0.1691,529.89,0.0143
12.930,10.1694,10.0000,-0.1692,529.70,0.0142
12.940,10.1695,10.0000,-0.1694,529.51,0.0140
12.950,10.1697,10.0000,-0.1695,529.32,0.0139
12.960,10.1698,10.0000,-0.1697,529.13,0.0138
12.970,10.1699,10.0000,-0.1698,528.95,0.0136
12.980,10.1701,10.0000,-0.1699,528.76,0.0135
12.990,10.1702,10.0000,-0.1701,528.57,0.0134
13.000,10.1703,10.0000,-0.1702,528.39,0.0133
13.010,10.1705,10.0000,-0.1703,528.21,0.0131
13.020,10.1706,10.0000,-0.1705,528.02,0.0130
13.030,10.1707,10.0000,-0.1706,527.84,0.0129
13.040,10.1709,10.0000,-0.1707,527.66,0.0128
13.050,10.1710,10.0000,-0.1709,527.48,0.0126
13.060,10.1711,10.0000,-0.1710,527.30,0.0125
13.070,10.1712,10.0000,-0.1711,527.13,0.0124
13.080,10.1713,10.0000,-0.1712,526.95,0.0123
13.090,10.1715,10.0000,-0.1713,526.78,0.0121
13.100,10.1716,10.0000,-0.1715,526.60,0.0120
13.110,10.1717,10.0000,-0.1716,526.43,0.0119
13.120,10.1718,10.0000,-0.1717,526.25,0.0118
13.130,10.1719,10.0000,-0.1718,526.08,0.0117
13.140,10.1721,10.0000,-0.1719,525.91,0.0115
13.150,10.1722,10.0000,-0.1721,525.74,0.0114
13.160,10.1723,10.0000,-0.1722,525.57,0.0113
13.170,10.1724,10.0000,-0.1723,525.41,0.0112
13.180,10.1725,10.0000,-0.1724,525.24,0.0111
13.190,10.1726,10.0000,-0.1725,525.07,0.0110
13.200,10.1727,10.0000,-0.1726,524.91,0.0109
13.210,10.1728,10.0000,-0.1727,524.74,0.0107
13.220,10.1729,10.0000,-0.1728,524.58,0.0106
13.230,10.1730,10.0000,-0.1729,524.42,0.0105
13.240,10.1731,10.0000,-0.1730,524.26,0.0104
13.250,10.1733,10.0000,-0.1731,524.10,0.0103
13.260,10.1734,10.0000,-0.1733,523.94,0.0102
13.270,10.1735,10.0000,-0.1734,523.78,0.0101
13.280,10.1736,10.0000,-0.1735,523.62,0.0100
13.290,10.1737,10.0000,-0.1736,523.46,0.0099
13.300,10.1738,10.0000,-0.1737,523.31,0.0097
13.310,10.1738,10.0000,-0.1738,523.15,0.0096
13.320,10.1739,10.0000,-0.1738,523.00,0.0095
13.330,10.1740,10.0000,-0.1739,522.84,0.0094
13.340,10.1741,10.0000,-0.1740,522.69,0.0093
13.350,10.1742,10.0000,-0.1741,522.54,0.0092
13.360,10.1743,10.0000,-0.1742,522.39,0.0091
13.370,10.1744,10.0000,-0.1743,522.24,0.0090
13.380,10.1745,10.0000,-0.1744,522.09,0.0089
13.390,10.1746,10.0000,-0.1745,521.94,0.0088
13.400,10.1747,10.0000,-0.1746,521.79,0.0087
13.410,10.1748,10.0000,-0.1747,521.65,0.0086
13.420,10.1748,10.0000,-0.1748,521.50,0.0085
13.430,10.1749,10.0000,-0.1748,521.35,0.0084
13.440,10.1750,10.0000,-0.1749,521.21,0.0083
13.450,10.1751,10.0000,-0.1750,521.07,0.0082
13.460,10.1752,10.0000,-0.1751,520.92,0.0081
13.470,10.1752,10.0000,-0.1752,520.78,0.0080
13.480,10.1753,10.0000,-0.1752,520.64,0.0079
13.490,10.1754,10.0000,-0.1753,520.50,0.0078
13.500,10.1755,10.0000,-0.1754,520.36,0.0077
13.510,10.1756,10.0000,-0.1755,520.22,0.0076
13.520,10.1756,10.0000,-0.1756,520.08,0.0075
13.530,10.1757,10.0000,-0.1756,519.94,0.0074
13.540,10.1758,10.0000,-0.1757,519.81,0.0073
13.550,10.1759,10.0000,-0.1758,519.67,0.0073
13.560,10.1759,10.0000,-0.1759,519.54,0.0072
13.570,10.1760,10.0000,-0.1759,519.40,0.0071
13.580,10.1761,10.0000,-0.1760,519.27,0.0070
13.590,10.1761,10.0000,-0.1761,519.14,0.0069
13.600,10.1762,10.0000,-0.1761,519.00,0.0068
13.610,10.1763,10.0000,-0.1762,518.87,0.0067
13.620,10.1763,10.0000,-0.1763,518.74,0.0066
13.630,10.1764,10.0000,-0.1763,518.61,0.0065
13.640,10.1765,10.0000,-0.1764,518.48,0.0064
13.650,10.1765,10.0000,-0.1765,518.35,0.0064
13.660,10.1766,10.0000,-0.1765,518.22,0.0063
13.670,10.1767,10.0000,-0.1766,518.10,0.0062
13.680,10.1767,10.0000,-0.1767,517.97,0.0061
13.690,10.1768,10.0000,-0.1767,517.85,0.0060
13.700,10.1768,10.0000,-0.1768,517.72,0.0059
13.710,10.1769,10.0000,-0.1768,517.60,0.0058
13.720,10.1770,10.0000,-0.1769,517.47,0.0058
13.730,10.1770,10.0000,-0.1770,517.35,0.0057
13.740,10.1771,10.0000,-0.1770,517.23,0.0056
13.750,10.1771,10.0000,-0.1771,517.11,0.0055
13.760,10.1772,10.0000,-0.1771,516.98,0.0054
13.770,10.1772,10.0000,-0.1772,516.86,0.0053
13.780,10.1773,10.0000,-0.1772,516.74,0.0053
13.790,10.1773,10.0000,-0.1773,516.63,0.0052
13.800,10.1774,10.0000,-0.1773,516.51,0.0051
13.810,10.1774,10.0000,-0.1774,516.39,0.0050
13.820,10.1775,10.0000,-0.1774,516.27,0.0049
13.830,10.1775,10.0000,-0.1775,516.16,0.0049
13.840,10.1776,10.0000,-0.1775,516.04,0.0048
13.850,10.1776,10.0000,-0.1776,515.93,0.0047
13.860,10.1777,10.0000,-0.1776,515.81,0.0046
13.870,10.1777,10.0000,-0.1777,515.70,0.0045
13.880,10.1778,10.0000,-0.1777,515.58,0.0045
13.890,10.1778,10.0000,-0.1778,515.47,0.0044
13.900,10.1778,10.0000,-0.1778,515.36,0.0043
13.910,10.1779,10.0000,-0.1778,515.25,0.0042
13.920,10.1779,10.0000,-0.1779,515.14,0.0042
13.930,10.1780,10.0000,-0.1779,515.03,0.0041
13.940,10.1780,10.0000,-0.1780,514.92,0.0040
13.950,10.1781,10.0000,-0.1780,514.81,0.0039
13.960,10.1781,10.0000,-0.1781,514.70,0.0039
13.970,10.1781,10.0000,-0.1781,514.59,0.0038
13.980,10.1782,10.0000,-0.1781,514.49,0.0037
13.990,10.1782,10.0000,-0.1782,514.38,0.0036
14.000,10.1782,10.0000,-0.1782,514.27,0.0036
14.010,10.1783,10.0000,-0.1782,514.17,0.0035
14.020,10.1783,10.0000,-0.1783,514.06,0.0034
14.030,10.1783,10.0000,-0.1783,513.96,0.0034
14.040,10.1784,10.0000,-0.1783,513.86,0.0033
14.050,10.1784,10.0000,-0.1784,513.75,0.0032
14.060,10.1784,10.0000,-0.1784,513.65,0.0032
14.070,10.1785,10.0000,-0.1784,513.55,0.0031
14.080,10.1785,10.0000,-0.1785,513.45,0.0030
14.090,10.1785,10.0000,-0.1785,513.35,0.0029
14.100,10.1786,10.0000,-0.1785,513.25,0.0029
14.110,10.1786,10.0000,-0.1786,513.15,0.0028
14.120,10.1786,10.0000,-0.1786,513.05,0.0027
14.130,10.1786,10.0000,-0.1786,512.95,0.0027
14.140,10.1787,10.0000,-0.1786,512.85,0.0026
14.150,10.1787,10.0000,-0.1787,512.76,0.0025
14.160,10.1787,10.0000,-0.1787,512.66,0.0025
14.170,10.1787,10.0000,-0.1787,512.56,0.0024
14.180,10.1788,10.0000,-0.1787,512.47,0.0024
14.190,10.1788,10.0000,-0.1788,512.37,0.0023
14.200,10.1788,10.0000,-0.1788,512.28,0.0022
14.210,10.1788,10.0000,-0.1788,512.18,0.0022
14.220,10.1789,10.0000,-0.1788,512.09,0.0021
14.230,10.1789,10.0000,-0.1789,512.00,0.0020
14.240,10.1789,10.0000,-0.1789,511.90,0.0020
14.250,10.1789,10.0000,-0.1789,511.81,0.0019
14.260,10.1789,10.0000,-0.1789,511.72,0.0019
14.270,10.1789,10.0000,-0.1789,511.63,0.0018
14.280,10.1790,10.0000,-0.1789,511.54,0.0017
14.290,10.1790,10.0000,-0.1790,511.45,0.0017
14.300,10.1790,10.0000,-0.1790,511.36,0.0016
14.310,10.1790,10.0000,-0.1790,511.27,0.0015
14.320,10.1790,10.0000,-0.1790,511.18,0.0015
14.330,10.1790,10.0000,-0.1790,511.09,0.0014
14.340,10.1791,10.0000,-0.1790,511.01,0.0014
14.350,10.1791,10.0000,-0.1791,510.92,0.0013
14.360,10.1791,10.0000,-0.1791,510.83,0.0013
14.370,10.1791,10.0000,-0.1791,510.75,0.0012
14.380,10.1791,10.0000,-0.1791,510.66,0.0011
14.390,10.1791,10.0000,-0.1791,510.58,0.0011
14.400,10.1791,10.0000,-0.1791,510.49,0.0010
14.410,10.1791,10.0000,-0.1791,510.41,0.0010
14.420,10.1791,10.0000,-0.1791,510.32,0.0009
14.430,10.1792,10.0000,-0.1791,510.24,0.0009
14.440,10.1792,10.0000,-0.1792,510.16,0.0008
14.450,10.1792,10.0000,-0.1792,510.08,0.0007
14.460,10.1792,10.0000,-0.1792,509.99,0.0007
14.470,10.1792,10.0000,-0.1792,509.91,0.0006
14.480,10.1792,10.0000,-0.1792,509.83,0.0006
14.490,10.1792,10.0000,-0.1792,509.75,0.0005
14.500,10.1792,10.0000,-0.1792,509.67,0.0005
14.510,10.1792,10.0000,-0.1792,509.59,0.0004
14.520,10.1792,10.0000,-0.1792,509.51,0.0004
14.530,10.1792,10.0000,-0.1792,509.43,0.0003
14.540,10.1792,10.0000,-0.1792,509.36,0.0003
14.550,10.1792,10.0000,-0.1792,509.28,0.0002
14.560,10.1792,10.0000,-0.1792,509.20,0.0002
14.570,10.1792,10.0000,-0.1792,509.12,0.0001
14.580,10.1792,10.0000,-0.1792,509.05,0.0001
14.590,10.1792,10.0000,-0.1792,508.97,0.0000
14.600,10.1792,10.0000,-0.1792,508.90,-0.0000
14.610,10.1792,10.0000,-0.1792,508.82,-0.0001
14.620,10.1792,10.0000,-0.1792,508.75,-0.0001
14.630,10.1792,10.0000,-0.1792,508.67,-0.0002
14.640,10.1792,10.0000,-0.1792,508.60,-0.0002
14.650,10.1792,10.0000,-0.1792,508.52,-0.0003
14.660,10.1792,10.0000,-0.1792,508.45,-0.0003
14.670,10.1792,10.0000,-0.1792,508.38,-0.0004
14.680,10.1792,10.0000,-0.1792,508.31,-0.0004
14.690,10.1792,10.0000,-0.1792,508.24,-0.0005
14.700,10.1792,10.0000,-0.1792,508.16,-0.0005
14.710,10.1792,10.0000,-0.1792,508.09,-0.0006
14.720,10.1792,10.0000,-0.1792,508.02,-0.0006
14.730,10.1792,10.0000,-0.1792,507.95,-0.0007
14.740,10.1792,10.0000,-0.1792,507.88,-0.0007
14.750,10.1792,10.0000,-0.1792,507.81,-0.0008
14.760,10.1791,10.0000,-0.1792,507.74,-0.0008
14.770,10.1791,10.0000,-0.1791,507.67,-0.0009
14.780,10.1791,10.0000,-0.1791,507.61,-0.0009
14.790,10.1791,10.0000,-0.1791,507.54,-0.0009
14.800,10.1791,10.0000,-0.1791,507.47,-0.0010
14.810,10.1791,10.0000,-0.1791,507.40,-0.0010
14.820,10.1791,10.0000,-0.1791,507.34,-0.0011
14.830,10.1791,10.0000,-0.1791,507.27,-0.0011
14.840,10.1791,10.0000,-0.1791,507.20,-0.0012
14.850,10.1791,10.0000,-0.1791,507.14,-0.0012
14.860,10.1790,10.0000,-0.1791,507.07,-0.0013
14.870,10.1790,10.0000,-0.1790,507.01,-0.0013
14.880,10.1790,10.0000,-0.1790,506.94,-0.0013
14.890,10.1790,10.0000,-0.1790,506.88,-0.0014
14.900,10.1790,10.0000,-0.1790,506.82,-0.0014
14.910,10.1790,10.0000,-0.1790,506.75,-0.0015
14.920,10.1790,10.0000,-0.1790,506.69,-0.0015
14.930,10.1789,10.0000,-0.1790,506.63,-0.0015
14.940,10.1789,10.0000,-0.1789,506.56,-0.0016
14.950,10.1789,10.0000,-0.1789,506.50,-0.0016
14.960,10.1789,10.0000,-0.1789,506.44,-0.0017
14.970,10.1789,10.0000,-0.1789,506.38,-0.0017
14.980,10.1789,10.0000,-0.1789,506.32,-0.0018
14.990,10.1788,10.0000,-0.1789,506.26,-0.0018
15.000,10.1788,10.0000,-0.1788,506.20,-0.0018
15.010,10.1788,10.0000,-0.1788,506.14,-0.0019
15.020,10.1788,10.0000,-0.1788,506.08,-0.0019
15.030,10.1788,10.0000,-0.1788,506.02,-0.0019
15.040,10.1787,10.0000,-0.1788,505.96,-0.0020
15.050,10.1787,10.0000,-0.1787,505.90,-0.0020
15.060,10.1787,10.0000,-0.1787,505.84,-0.0021
15.070,10.1787,10.0000,-0.1787,505.78,-0.0021
15.080,10.1787,10.0000,-0.1787,505.73,-0.0021
15.090,10.1786,10.0000,-0.1787,505.67,-0.0022
15.100,10.1786,10.0000,-0.1786,505.61,-0.0022
15.110,10.1786,10.0000,-0.1786,505.56,-0.0022
15.120,10.1786,10.0000,-0.1786,505.50,-0.0023
15.130,10.1785,10.0000,-0.1786,505.44,-0.0023
15.140,10.1785,10.0000,-0.1785,505.39,-0.0024
15.150,10.1785,10.0000,-0.1785,505.33,-0.0024
15.160,10.1785,10.0000,-0.1785,505.28,-0.0024
15.170,10.1785,10.0000,-0.1785,505.22,-0.0025
15.180,10.1784,10.0000,-0.1785,505.17,-0.0025
15.190,10.1784,10.0000,-0.1784,505.11,-0.0025
15.200,10.1784,10.0000,-0.1784,505.06,-0.0026
15.210,10.1783,10.0000,-0.1784,505.01,-0.0026
15.220,10.1783,10.0000,-0.1783,504.95,-0.0026
15.230,10.1783,10.0000,-0.1783,504.90,-0.0027
15.240,10.1783,10.0000,-0.1783,504.85,-0.0027
15.250,10.1782,10.0000,-0.1783,504.80,-0.0027
15.260,10.1782,10.0000,-0.1782,504.74,-0.0028
15.270,10.1782,10.0000,-0.1782,504.69,-0.0028
15.280,10.1782,10.0000,-0.1782,504.64,-0.0028
15.290,10.1781,10.0000,-0.1782,504.59,-0.0029
15.300,10.1781,10.0000,-0.1781,504.54,-0.0029
15.310,10.1781,10.0000,-0.1781,504.49,-0.0029
15.320,10.1780,10.0000,-0.1781,504.44,-0.0030
15.330,10.1780,10.0000,-0.1780,504.39,-0.0030
15.340,10.1780,10.0000,-0.1780,504.34,-0.0030
15.350,10.1779,10.0000,-0.1780,504.29,-0.0031
15.360,10.1779,10.0000,-0.1779,504.24,-0.0031
15.370,10.1779,10.0000,-0.1779,504.19,-0.0031
15.380,10.1779,10.0000,-0.1779,504.14,-0.0032
15.390,10.1778,10.0000,-0.1779,504.09,-0.0032
15.400,10.1778,10.0000,-0.1778,504.05,-0.0032
15.410,10.1778,10.0000,-0.1778,504.00,-0.0033
15.420,10.1777,10.0000,-0.1778,503.95,-0.0033
15.430,10.1777,10.0000,-0.1777,503.90,-0.0033
15.440,10.1777,10.0000,-0.1777,503.86,-0.0034
15.450,10.1776,10.0000,-0.1777,503.81,-0.0034
15.460,10.1776,10.0000,-0.1776,503.76,-0.0034
15.470,10.1776,10.0000,-0.1776,503.72,-0.0034
15.480,10.1775,10.0000,-0.1776,503.67,-0.0035
15.490,10.1775,10.0000,-0.1775,503.63,-0.0035
15.500,10.1774,10.0000,-0.1775,503.58,-0.0035
15.510,10.1774,10.0000,-0.1774,503.54,-0.0036
15.520,10.1774,10.0000,-0.1774,503.49,-0.0036
15.530,10.1773,10.0000,-0.1774,503.45,-0.0036
15.540,10.1773,10.0000,-0.1773,503.40,-0.0036
15.550,10.1773,10.0000,-0.1773,503.36,-0.0037
15.560,10.1772,10.0000,-0.1773,503.31,-0.0037
15.570,10.1772,10.0000,-0.1772,503.27,-0.0037
15.580,10.1772,10.0000,-0.1772,503.23,-0.0038
15.590,10.1771,10.0000,-0.1772,503.18,-0.0038
15.600,10.1771,10.0000,-0.1771,503.14,-0.0038
15.610,10.1770,10.0000,-0.1771,503.10,-0.0038
15.620,10.1770,10.0000,-0.1770,503.06,-0.0039
15.630,10.1770,10.0000,-0.1770,503.01,-0.0039
15.640,10.1769,10.0000,-0.1770,502.97,-0.0039
15.650,10.1769,10.0000,-0.1769,502.93,-0.0039
15.660,10.1768,10.0000,-0.1769,502.89,-0.0040
15.670,10.1768,10.0000,-0.1768,502.85,-0.0040
15.680,10.1768,10.0000,-0.1768,502.81,-0.0040
15.690,10.1767,10.0000,-0.1768,502.77,-0.0040
15.700,10.1767,10.0000,-0.1767,502.73,-0.0041
15.710,10.1766,10.0000,-0.1767,502.69,-0.0041
15.720,10.1766,10.0000,-0.1766,502.65,-0.0041
15.730,10.1766,10.0000,-0.1766,502.61,-0.0041
15.740,10.1765,10.0000,-0.1766,502.57,-0.0042
15.750,10.1765,10.0000,-0.1765,502.53,-0.0042
15.760,10.1764,10.0000,-0.1765,502.49,-0.0042
15.770,10.1764,10.0000,-0.1764,502.45,-0.0042
15.780,10.1764,10.0000,-0.1764,502.41,-0.0043
15.790,10.1763,10.0000,-0.1764,502.37,-0.0043
15.800,10.1763,10.0000,-0.1763,502.33,-0.0043
15.810,10.1762,10.0000,-0.1763,502.30,-0.0043
15.820,10.1762,10.0000,-0.1762,502.26,-0.0044
15.830,10.1761,10.0000,-0.1762,502.22,-0.0044
15.840,10.1761,10.0000,-0.1761,502.18,-0.0044
15.850,10.1760,10.0000,-0.1761,502.15,-0.0044
15.860,10.1760,10.0000,-0.1760,502.11,-0.0045
15.870,10.1760,10.0000,-0.1760,502.07,-0.0045
15.880,10.1759,10.0000,-0.1760,502.04,-0.0045
15.890,10.1759,10.0000,-0.1759,502.00,-0.0045
15.900,10.1758,10.0000,-0.1759,501.97,-0.0046
15.910,10.1758,10.0000,-0.1758,501.93,-0.0046
15.920,10.1757,10.0000,-0.1758,501.89,-0.0046
15.930,10.1757,10.0000,-0.1757,501.86,-0.0046
15.940,10.1756,10.0000,-0.1757,501.82,-0.0046
15.950,10.1756,10.0000,-0.1756,501.79,-0.0047
15.960,10.1755,10.0000,-0.1756,501.75,-0.0047
15.970,10.1755,10.0000,-0.1755,501.72,-0.0047
15.980,10.1754,10.0000,-0.1755,501.68,-0.0047
15.990,10.1754,10.0000,-0.1754,501.65,-0.0047
16.000,10.1754,10.0000,-0.1754,501.62,-0.0048
16.010,10.1753,10.0000,-0.1754,501.58,-0.0048
16.020,10.1753,10.0000,-0.1753,501.55,-0.0048
16.030,10.1752,10.0000,-0.1753,501.52,-0.0048
16.040,10.1752,10.0000,-0.1752,501.48,-0.0049
16.050,10.1751,10.0000,-0.1752,501.45,-0.0049
16.060,10.1751,10.0000,-0.1751,501.42,-0.0049
16.070,10.1750,10.0000,-0.1751,501.38,-0.0049
16.080,10.1750,10.0000,-0.1750,501.35,-0.0049
16.090,10.1749,10.0000,-0.1750,501.32,-0.0050
16.100,10.1749,10.0000,-0.1749,501.29,-0.0050
16.110,10.1748,10.0000,-0.1749,501.26,-0.0050
16.120,10.1748,10.0000,-0.1748,501.22,-0.0050
16.130,10.1747,10.0000,-0.1748,501.19,-0.0050
16.140,10.1747,10.0000,-0.1747,501.16,-0.0050
16.150,10.1746,10.0000,-0.1747,501.13,-0.0051
16.160,10.1746,10.0000,-0.1746,501.10,-0.0051
16.170,10.1745,10.0000,-0.1746,501.07,-0.0051
16.180,10.1745,10.0000,-0.1745,501.04,-0.0051
16.190,10.1744,10.0000,-0.1745,501.01,-0.0051
16.200,10.1744,10.0000,-0.1744,500.98,-0.0052
16.210,10.1743,10.0000,-0.1744,500.95,-0.0052
16.220,10.1743,10.0000,-0.1743,500.92,-0.0052
16.230,10.1742,10.0000,-0.1743,500.89,-0.0052
16.240,10.1741,10.0000,-0.1742,500.86,-0.0052
16.250,10.1741,10.0000,-0.1741,500.83,-0.0053
16.260,10.1740,10.0000,-0.1741,500.80,-0.0053
16.270,10.1740,10.0000,-0.1740,500.77,-0.0053
16.280,10.1739,10.0000,-0.1740,500.74,-0.0053
16.290,10.1739,10.0000,-0.1739,500.71,-0.0053
16.300,10.1738,10.0000,-0.1739,500.69,-0.0053
16.310,10.1738,10.0000,-0.1738,500.66,-0.0054
16.320,10.1737,10.0000,-0.1738,500.63,-0.0054
16.330,10.1737,10.0000,-0.1737,500.60,-0.0054
16.340,10.1736,10.0000,-0.1737,500.57,-0.0054
16.350,10.1736,10.0000,-0.1736,500.55,-0.0054
16.360,10.1735,10.0000,-0.1736,500.52,-0.0054
16.370,10.1735,10.0000,-0.1735,500.49,-0.0055
16.380,10.1734,10.0000,-0.1735,500.46,-0.0055
16.390,10.1733,10.0000,-0.1734,500.44,-0.0055
16.400,10.1733,10.0000,-0.1733,500.41,-0.0055
16.410,10.1732,10.0000,-0.1733,500.38,-0.0055
16.420,10.1732,10.0000,-0.1732,500.36,-0.0055
16.430,10.1731,10.0000,-0.1732,500.33,-0.0056
16.440,10.1731,10.0000,-0.1731,500.30,-0.0056
16.450,10.1730,10.0000,-0.1731,500.28,-0.0056
16.460,10.1730,10.0000,-0.1730,500.25,-0.0056
16.470,10.1729,10.0000,-0.1730,500.23,-0.0056
16.480,10.1728,10.0000,-0.1729,500.20,-0.0056
16.490,10.1728,10.0000,-0.1728,500.17,-0.0056
16.500,10.1727,10.0000,-0.1728,500.15,-0.0057
16.510,10.1727,10.0000,-0.1727,500.12,-0.0057
16.520,10.1726,10.0000,-0.1727,500.10,-0.0057
16.530,10.1726,10.0000,-0.1726,500.07,-0.0057
16.540,10.1725,10.0000,-0.1726,500.05,-0.0057
16.550,10.1724,10.0000,-0.1725,500.03,-0.0057
16.560,10.1724,10.0000,-0.1724,500.00,-0.0057
16.570,10.1723,10.0000,-0.1724,499.98,-0.0058
16.580,10.1723,10.0000,-0.1723,499.95,-0.0058
16.590,10.1722,10.0000,-0.1723,499.93,-0.0058
16.600,10.1722,10.0000,-0.1722,499.90,-0.0058
16.610,10.1721,10.0000,-0.1722,499.88,-0.0058
16.620,10.1720,10.0000,-0.1721,499.86,-0.0058
16.630,10.1720,10.0000,-0.1720,499.83,-0.0058
16.640,10.1719,10.0000,-0.1720,499.81,-0.0059
16.650,10.1719,10.0000,-0.1719,499.79,-0.0059
16.660,10.1718,10.0000,-0.1719,499.76,-0.0059
16.670,10.1717,10.0000,-0.1718,499.74,-0.0059
16.680,10.1717,10.0000,-0.1717,499.72,-0.0059
16.690,10.1716,10.0000,-0.1717,499.70,-0.0059
16.700,10.1716,10.0000,-0.1716,499.67,-0.0059
16.710,10.1715,10.0000,-0.1716,499.65,-0.0060
16.720,10.1714,10.0000,-0.1715,499.63,-0.0060
16.730,10.1714,10.0000,-0.1714,499.61,-0.0060
16.740,10.1713,10.0000,-0.1714,499.59,-0.0060
16.750,10.1713,10.0000,-0.1713,499.56,-0.0060
16.760,10.1712,10.0000,-0.1713,499.54,-0.0060
16.770,10.1711,10.0000,-0.1712,499.52,-0.0060
16.780,10.1711,10.0000,-0.1711,499.50,-0.0060
16.790,10.1710,10.0000,-0.1711,499.48,-0.0061
16.800,10.1710,10.0000,-0.1710,499.46,-0.0061
16.810,10.1709,10.0000,-0.1710,499.44,-0.0061
16.820,10.1708,10.0000,-0.1709,499.41,-0.0061
16.830,10.1708,10.0000,-0.1708,499.39,-0.0061
16.840,10.1707,10.0000,-0.1708,499.37,-0.0061
16.850,10.1707,10.0000,-0.1707,499.35,-0.0061
16.860,10.1706,10.0000,-0.1707,499.33,-0.0061
16.870,10.1705,10.0000,-0.1706,499.31,-0.0061
16.880,10.1705,10.0000,-0.1705,499.29,-0.0062
16.890,10.1704,10.0000,-0.1705,499.27,-0.0062
16.900,10.1704,10.0000,-0.1704,499.25,-0.0062
16.910,10.1703,10.0000,-0.1704,499.23,-0.0062
16.920,10.1702,10.0000,-0.1703,499.21,-0.0062
16.930,10.1702,10.0000,-0.1702,499.19,-0.0062
16.940,10.1701,10.0000,-0.1702,499.17,-0.0062
16.950,10.1700,10.0000,-0.1701,499.15,-0.0062
16.960,10.1700,10.0000,-0.1700,499.13,-0.0062
16.970,10.1699,10.0000,-0.1700,499.12,-0.0063
16.980,10.1699,10.0000,-0.1699,499.10,-0.0063
16.990,10.1698,10.0000,-0.1699,499.08,-0.0063
17.000,10.1697,10.0000,-0.1698,499.06,-0.0063
17.010,10.1697,10.0000,-0.1697,499.04,-0.0063
17.020,10.1696,10.0000,-0.1697,499.02,-0.0063
17.030,10.1695,10.0000,-0.1696,499.00,-0.0063
17.040,10.1695,10.0000,-0.1695,498.99,-0.0063
17.050,10.1694,10.0000,-0.1695,498.97,-0.0063
17.060,10.1693,10.0000,-0.1694,498.95,-0.0063
17.070,10.1693,10.0000,-0.1693,498.93,-0.0064
17.080,10.1692,10.0000,-0.1693,498.91,-0.0064
17.090,10.1692,10.0000,-0.1692,498.90,-0.0064
17.100,10.1691,10.0000,-0.1692,498.88,-0.0064
17.110,10.1690,10.0000,-0.1691,498.86,-0.0064
17.120,10.1690,10.0000,-0.1690,498.84,-0.0064
17.130,10.1689,10.0000,-0.1690,498.83,-0.0064
17.140,10.1688,10.0000,-0.1689,498.81,-0.0064
17.150,10.1688,10.0000,-0.1688,498.79,-0.0064
17.160,10.1687,10.0000,-0.1688,498.77,-0.0064
17.170,10.1686,10.0000,-0.1687,498.76,-0.0065
17.180,10.1686,10.0000,-0.1686,498.74,-0.0065
17.190,10.1685,10.0000,-0.1686,498.72,-0.0065
17.200,10.1685,10.0000,-0.1685,498.71,-0.0065
17.210,10.1684,10.0000,-0.1685,498.69,-0.0065
17.220,10.1683,10.0000,-0.1684,498.68,-0.0065
17.230,10.1683,10.0000,-0.1683,498.66,-0.0065
17.240,10.1682,10.0000,-0.1683,498.64,-0.0065
17.250,10.1681,10.0000,-0.1682,498.63,-0.0065
17.260,10.1681,10.0000,-0.1681,498.61,-0.0065
17.270,10.1680,10.0000,-0.1681,498.59,-0.0065
17.280,10.1679,10.0000,-0.1680,498.58,-0.0065
17.290,10.1679,10.0000,-0.1679,498.56,-0.0066
17.300,10.1678,10.0000,-0.1679,498.55,-0.0066
17.310,10.1677,10.0000,-0.1678,498.53,-0.0066
17.320,10.1677,10.0000,-0.1677,498.52,-0.0066
17.330,10.1676,10.0000,-0.1677,498.50,-0.0066
17.340,10.1675,10.0000,-0.1676,498.49,-0.0066
17.350,10.1675,10.0000,-0.1675,498.47,-0.0066
17.360,10.1674,10.0000,-0.1675,498.46,-0.0066
17.370,10.1673,10.0000,-0.1674,498.44,-0.0066
17.380,10.1673,10.0000,-0.1673,498.43,-0.0066
17.390,10.1672,10.0000,-0.1673,498.41,-0.0066
17.400,10.1671,10.0000,-0.1672,498.40,-0.0066
17.410,10.1671,10.0000,-0.1671,498.38,-0.0066
17.420,10.1670,10.0000,-0.1671,498.37,-0.0067
17.430,10.1669,10.0000,-0.1670,498.35,-0.0067
17.440,10.1669,10.0000,-0.1669,498.34,-0.0067
17.450,10.1668,10.0000,-0.1669,498.33,-0.0067
17.460,10.1667,10.0000,-0.1668,498.31,-0.0067
17.470,10.1667,10.0000,-0.1667,498.30,-0.0067
17.480,10.1666,10.0000,-0.1667,498.28,-0.0067
17.490,10.1665,10.0000,-0.1666,498.27,-0.0067
17.500,10.1665,10.0000,-0.1665,498.26,-0.0067
17.510,10.1664,10.0000,-0.1665,498.24,-0.0067
17.520,10.1663,10.0000,-0.1664,498.23,-0.0067
17.530,10.1663,10.0000,-0.1663,498.22,-0.0067
17.540,10.1662,10.0000,-0.1663,498.20,-0.0067
17.550,10.1661,10.0000,-0.1662,498.19,-0.0067
17.560,10.1661,10.0000,-0.1661,498.18,-0.0068
17.570,10.1660,10.0000,-0.1661,498.16,-0.0068
17.580,10.1659,10.0000,-0.1660,498.15,-0.0068
17.590,10.1659,10.0000,-0.1659,498.14,-0.0068
17.600,10.1658,10.0000,-0.1659,498.12,-0.0068
17.610,10.1657,10.0000,-0.1658,498.11,-0.0068
17.620,10.1657,10.0000,-0.1657,498.10,-0.0068
17.630,10.1656,10.0000,-0.1657,498.09,-0.0068
17.640,10.1655,10.0000,-0.1656,498.07,-0.0068
17.650,10.1655,10.0000,-0.1655,498.06,-0.0068
17.660,10.1654,10.0000,-0.1655,498.05,-0.0068
17.670,10.1653,10.0000,-0.1654,498.04,-0.0068
17.680,10.1652,10.0000,-0.1653,498.02,-0.0068
17.690,10.1652,10.0000,-0.1652,498.01,-0.0068
17.700,10.1651,10.0000,-0.1652,498.00,-0.0068
17.710,10.1650,10.0000,-0.1651,497.99,-0.0068
17.720,10.1650,10.0000,-0.1650,497.98,-0.0069
17.730,10.1649,10.0000,-0.1650,497.96,-0.0069
17.740,10.1648,10.0000,-0.1649,497.95,-0.0069
17.750,10.1648,10.0000,-0.1648,497.94,-0.0069
17.760,10.1647,10.0000,-0.1648,497.93,-0.0069
17.770,10.1646,10.0000,-0.1647,497.92,-0.0069
17.780,10.1646,10.0000,-0.1646,497.91,-0.0069
17.790,10.1645,10.0000,-0.1646,497.89,-0.0069
17.800,10.1644,10.0000,-0.1645,497.88,-0.0069
17.810,10.1644,10.0000,-0.1644,497.87,-0.0069
17.820,10.1643,10.0000,-0.1644,497.86,-0.0069
17.830,10.1642,10.0000,-0.1643,497.85,-0.0069
17.840,10.1641,10.0000,-0.1642,497.84,-0.0069
17.850,10.1641,10.0000,-0.1641,497.83,-0.0069
17.860,10.1640,10.0000,-0.1641,497.82,-0.0069
17.870,10.1639,10.0000,-0.1640,497.81,-0.0069
17.880,10.1639,10.0000,-0.1639,497.79,-0.0069
17.890,10.1638,10.0000,-0.1639,497.78,-0.0069
17.900,10.1637,10.0000,-0.1638,497.77,-0.0069
17.910,10.1637,10.0000,-0.1637,497.76,-0.0069
17.920,10.1636,10.0000,-0.1637,497.75,-0.0070
17.930,10.1635,10.0000,-0.1636,497.74,-0.0070
17.940,10.1635,10.0000,-0.1635,497.73,-0.0070
17.950,10.1634,10.0000,-0.1635,497.72,-0.0070
17.960,10.1633,10.0000,-0.1634,497.71,-0.0070
17.970,10.1632,10.0000,-0.1633,497.70,-0.0070
17.980,10.1632,10.0000,-0.1632,497.69,-0.0070
17.990,10.1631,10.0000,-0.1632,497.68,-0.0070
18.000,10.1630,10.0000,-0.1631,497.67,-0.0070
18.010,10.1630,10.0000,-0.1630,497.66,-0.0070
18.020,10.1629,10.0000,-0.1630,497.65,-0.0070
18.030,10.1628,10.0000,-0.1629,497.64,-0.0070
18.040,10.1628,10.0000,-0.1628,497.63,-0.0070
18.050,10.1627,10.0000,-0.1628,497.62,-0.0070
18.060,10.1626,10.0000,-0.1627,497.61,-0.0070
18.070,10.1625,10.0000,-0.1626,497.60,-0.0070
18.080,10.1625,10.0000,-0.1625,497.59,-0.0070
18.090,10.1624,10.0000,-0.1625,497.58,-0.0070
18.100,10.1623,10.0000,-0.1624,497.57,-0.0070
18.110,10.1623,10.0000,-0.1623,497.57,-0.0070
18.120,10.1622,10.0000,-0.1623,497.56,-0.0070
18.130,10.1621,10.0000,-0.1622,497.55,-0.0070
18.140,10.1621,10.0000,-0.1621,497.54,-0.0070
18.150,10.1620,10.0000,-0.1621,497.53,-0.0070
18.160,10.1619,10.0000,-0.1620,497.52,-0.0071
18.170,10.1618,10.0000,-0.1619,497.51,-0.0071
18.180,10.1618,10.0000,-0.1618,497.50,-0.0071
18.190,10.1617,10.0000,-0.1618,497.49,-0.0071
18.200,10.1616,10.0000,-0.1617,497.49,-0.0071
18.210,10.1616,10.0000,-0.1616,497.48,-0.0071
18.220,10.1615,10.0000,-0.1616,497.47,-0.0071
18.230,10.1614,10.0000,-0.1615,497.46,-0.0071
18.240,10.1613,10.0000,-0.1614,497.45,-0.0071
18.250,10.1613,10.0000,-0.1613,497.44,-0.0071
18.260,10.1612,10.0000,-0.1613,497.43,-0.0071
18.270,10.1611,10.0000,-0.1612,497.43,-0.0071
18.280,10.1611,10.0000,-0.1611,497.42,-0.0071
18.290,10.1610,10.0000,-0.1611,497.41,-0.0071
18.300,10.1609,10.0000,-0.1610,497.40,-0.0071
18.310,10.1609,10.0000,-0.1609,497.39,-0.0071
18.320,10.1608,10.0000,-0.1609,497.39,-0.0071
18.330,10.1607,10.0000,-0.1608,497.38,-0.0071
18.340,10.1606,10.0000,-0.1607,497.37,-0.0071
18.350,10.1606,10.0000,-0.1606,497.36,-0.0071
18.360,10.1605,10.0000,-0.1606,497.35,-0.0071
18.370,10.1604,10.0000,-0.1605,497.35,-0.0071
18.380,10.1604,10.0000,-0.1604,497.34,-0.0071
18.390,10.1603,10.0000,-0.1604,497.33,-0.0071
18.400,10.1602,10.0000,-0.1603,497.32,-0.0071
18.410,10.1601,10.0000,-0.1602,497.32,-0.0071
18.420,10.1601,10.0000,-0.1601,497.31,-0.0071
18.430,10.1600,10.0000,-0.1601,497.30,-0.0071
18.440,10.1599,10.0000,-0.1600,497.29,-0.0071
18.450,10.1599,10.0000,-0.1599,497.29,-0.0071
18.460,10.1598,10.0000,-0.1599,497.28,-0.0071
18.470,10.1597,10.0000,-0.1598,497.27,-0.0071
18.480,10.1596,10.0000,-0.1597,497.26,-0.0071
18.490,10.1596,10.0000,-0.1596,497.26,-0.0071
18.500,10.1595,10.0000,-0.1596,497.25,-0.0072
18.510,10.1594,10.0000,-0.1595,497.24,-0.0072
18.520,10.1594,10.0000,-0.1594,497.24,-0.0072
18.530,10.1593,10.0000,-0.1594,497.23,-0.0072
18.540,10.1592,10.0000,-0.1593,497.22,-0.0072
18.550,10.1591,10.0000,-0.1592,497.22,-0.0072
18.560,10.1591,10.0000,-0.1591,497.21,-0.0072
18.570,10.1590,10.0000,-0.1591,497.20,-0.0072
18.580,10.1589,10.0000,-0.1590,497.20,-0.0072
18.590,10.1589,10.0000,-0.1589,497.19,-0.0072
18.600,10.1588,10.0000,-0.1589,497.18,-0.0072
18.610,10.1587,10.0000,-0.1588,497.18,-0.0072
18.620,10.1586,10.0000,-0.1587,497.17,-0.0072
18.630,10.1586,10.0000,-0.1586,497.16,-0.0072
18.640,10.1585,10.0000,-0.1586,497.16,-0.0072
18.650,10.1584,10.0000,-0.1585,497.15,-0.0072
18.660,10.1583,10.0000,-0.1584,497.14,-0.0072
18.670,10.1583,10.0000,-0.1583,497.14,-0.0072
18.680,10.1582,10.0000,-0.1583,497.13,-0.0072
18.690,10.1581,10.0000,-0.1582,497.13,-0.0072
18.700,10.1581,10.0000,-0.1581,497.12,-0.0072
18.710,10.1580,10.0000,-0.1581,497.11,-0.0072
18.720,10.1579,10.0000,-0.1580,497.11,-0.0072
18.730,10.1578,10.0000,-0.1579,497.10,-0.0072
18.740,10.1578,10.0000,-0.1578,497.09,-0.0072
18.750,10.1577,10.0000,-0.1578,497.09,-0.0072
18.760,10.1576,10.0000,-0.1577,497.08,-0.0072
18.770,10.1576,10.0000,-0.1576,497.08,-0.0072
18.780,10.1575,10.0000,-0.1576,497.07,-0.0072
18.790,10.1574,10.0000,-0.1575,497.07,-0.0072
18.800,10.1573,10.0000,-0.1574,497.06,-0.0072
18.810,10.1573,10.0000,-0.1573,497.05,-0.0072
18.820,10.1572,10.0000,-0.1573,497.05,-0.0072
18.830,10.1571,10.0000,-0.1572,497.04,-0.0072
18.840,10.1571,10.0000,-0.1571,497.04,-0.0072
18.850,10.1570,10.0000,-0.1571,497.03,-0.0072
18.860,10.1569,10.0000,-0.1570,497.03,-0.0072
18.870,10.1568,10.0000,-0.1569,497.02,-0.0072
18.880,10.1568,10.0000,-0.1568,497.02,-0.0072
18.890,10.1567,10.0000,-0.1568,497.01,-0.0072
18.900,10.1566,10.0000,-0.1567,497.01,-0.0072
18.910,10.1565,10.0000,-0.1566,497.00,-0.0072
18.920,10.1565,10.0000,-0.1565,497.00,-0.0072
18.930,10.1564,10.0000,-0.1565,496.99,-0.0072
18.940,10.1563,10.0000,-0.1564,496.98,-0.0072
18.950,10.1563,10.0000,-0.1563,496.98,-0.0072
18.960,10.1562,10.0000,-0.1563,496.97,-0.0072
18.970,10.1561,10.0000,-0.1562,496.97,-0.0072
18.980,10.1560,10.0000,-0.1561,496.96,-0.0072
18.990,10.1560,10.0000,-0.1560,496.96,-0.0072
19.000,10.1559,10.0000,-0.1560,496.95,-0.0072
19.010,10.1558,10.0000,-0.1559,496.95,-0.0072
19.020,10.1558,10.0000,-0.1558,496.95,-0.0072
19.030,10.1557,10.0000,-0.1558,496.94,-0.0072
19.040,10.1556,10.0000,-0.1557,496.94,-0.0072
19.050,10.1555,10.0000,-0.1556,496.93,-0.0072
19.060,10.1555,10.0000,-0.1555,496.93,-0.0072
19.070,10.1554,10.0000,-0.1555,496.92,-0.0072
19.080,10.1553,10.0000,-0.1554,496.92,-0.0072
19.090,10.1552,10.0000,-0.1553,496.91,-0.0072
19.100,10.1552,10.0000,-0.1552,496.91,-0.0072
19.110,10.1551,10.0000,-0.1552,496.90,-0.0072
19.120,10.1550,10.0000,-0.1551,496.90,-0.0072
19.130,10.1550,10.0000,-0.1550,496.89,-0.0072
19.140,10.1549,10.0000,-0.1550,496.89,-0.0072
19.150,10.1548,10.0000,-0.1549,496.89,-0.0072
19.160,10.1547,10.0000,-0.1548,496.88,-0.0072
19.170,10.1547,10.0000,-0.1547,496.88,-0.0072
19.180,10.1546,10.0000,-0.1547,496.87,-0.0072
19.190,10.1545,10.0000,-0.1546,496.87,-0.0072
19.200,10.1545,10.0000,-0.1545,496.86,-0.0072
19.210,10.1544,10.0000,-0.1545,496.86,-0.0072
19.220,10.1543,10.0000,-0.1544,496.86,-0.0072
19.230,10.1542,10.0000,-0.1543,496.85,-0.0072
19.240,10.1542,10.0000,-0.1542,496.85,-0.0072
19.250,10.1541,10.0000,-0.1542,496.84,-0.0072
19.260,10.1540,10.0000,-0.1541,496.84,-0.0072
19.270,10.1539,10.0000,-0.1540,496.84,-0.0072
19.280,10.1539,10.0000,-0.1539,496.83,-0.0072
19.290,10.1538,10.0000,-0.1539,496.83,-0.0072
19.300,10.1537,10.0000,-0.1538,496.82,-0.0072
19.310,10.1537,10.0000,-0.1537,496.82,-0.0072
19.320,10.1536,10.0000,-0.1537,496.82,-0.0072
19.330,10.1535,10.0000,-0.1536,496.81,-0.0072
19.340,10.1534,10.0000,-0.1535,496.81,-0.0072
19.350,10.1534,10.0000,-0.1534,496.81,-0.0072
19.360,10.1533,10.0000,-0.1534,496.80,-0.0072
19.370,10.1532,10.0000,-0.1533,496.80,-0.0072
19.380,10.1531,10.0000,-0.1532,496.80,-0.0072
19.390,10.1531,10.0000,-0.1531,496.79,-0.0072
19.400,10.1530,10.0000,-0.1531,496.79,-0.0072
19.410,10.1529,10.0000,-0.1530,496.78,-0.0072
19.420,10.1529,10.0000,-0.1529,496.78,-0.0072
19.430,10.1528,10.0000,-0.1529,496.78,-0.0072
19.440,10.1527,10.0000,-0.1528,496.77,-0.0072
19.450,10.1526,10.0000,-0.1527,496.77,-0.0072
19.460,10.1526,10.0000,-0.1526,496.77,-0.0072
19.470,10.1525,10.0000,-0.1526,496.76,-0.0072
19.480,10.1524,10.0000,-0.1525,496.76,-0.0072
19.490,10.1523,10.0000,-0.1524,496.76,-0.0072
19.500,10.1523,10.0000,-0.1523,496.75,-0.0072
19.510,10.1522,10.0000,-0.1523,496.75,-0.0072
19.520,10.1521,10.0000,-0.1522,496.75,-0.0072
19.530,10.1521,10.0000,-0.1521,496.74,-0.0072
19.540,10.1520,10.0000,-0.1521,496.74,-0.0072
19.550,10.1519,10.0000,-0.1520,496.74,-0.0072
19.560,10.1518,10.0000,-0.1519,496.74,-0.0072
19.570,10.1518,10.0000,-0.1518,496.73,-0.0072
19.580,10.1517,10.0000,-0.1518,496.73,-0.0072
19.590,10.1516,10.0000,-0.1517,496.73,-0.0072
19.600,10.1516,10.0000,-0.1516,496.72,-0.0072
19.610,10.1515,10.0000,-0.1516,496.72,-0.0072
19.620,10.1514,10.0000,-0.1515,496.72,-0.0072
19.630,10.1513,10.0000,-0.1514,496.71,-0.0072
19.640,10.1513,10.0000,-0.1513,496.71,-0.0072
19.650,10.1512,10.0000,-0.1513,496.71,-0.0072
19.660,10.1511,10.0000,-0.1512,496.71,-0.0072
19.670,10.1510,10.0000,-0.1511,496.70,-0.0072
19.680,10.1510,10.0000,-0.1510,496.70,-0.0072
19.690,10.1509,10.0000,-0.1510,496.70,-0.0072
19.700,10.1508,10.0000,-0.1509,496.70,-0.0072
19.710,10.1508,10.0000,-0.1508,496.69,-0.0072
19.720,10.1507,10.0000,-0.1508,496.69,-0.0072
19.730,10.1506,10.0000,-0.1507,496.69,-0.0072
19.740,10.1505,10.0000,-0.1506,496.68,-0.0072
19.750,10.1505,10.0000,-0.1505,496.68,-0.0072
19.760,10.1504,10.0000,-0.1505,496.68,-0.0072
19.770,10.1503,10.0000,-0.1504,496.68,-0.0072
19.780,10.1503,10.0000,-0.1503,496.67,-0.0072
19.790,10.1502,10.0000,-0.1503,496.67,-0.0072
19.800,10.1501,10.0000,-0.1502,496.67,-0.0072
19.810,10.1500,10.0000,-0.1501,496.67,-0.0072
19.820,10.1500,10.0000,-0.1500,496.66,-0.0072
19.830,10.1499,10.0000,-0.1500,496.66,-0.0072
19.840,10.1498,10.0000,-0.1499,496.66,-0.0072
19.850,10.1497,10.0000,-0.1498,496.66,-0.0072
19.860,10.1497,10.0000,-0.1497,496.66,-0.0072
19.870,10.1496,10.0000,-0.1497,496.65,-0.0072
19.880,10.1495,10.0000,-0.1496,496.65,-0.0072
19.890,10.1495,10.0000,-0.1495,496.65,-0.0072
19.900,10.1494,10.0000,-0.1495,496.65,-0.0072
19.910,10.1493,10.0000,-0.1494,496.64,-0.0072
19.920,10.1492,10.0000,-0.1493,496.64,-0.0072
19.930,10.1492,10.0000,-0.1492,496.64,-0.0072
19.940,10.1491,10.0000,-0.1492,496.64,-0.0072
19.950,10.1490,10.0000,-0.1491,496.64,-0.0072
19.960,10.1490,10.0000,-0.1490,496.63,-0.0072
19.970,10.1489,10.0000,-0.1490,496.63,-0.0072
19.980,10.1488,10.0000,-0.1489,496.63,-0.0072
19.990,10.1487,10.0000,-0.1488,496.63,-0.0072
20.000,10.1487,10.0000,-0.1487,496.63,-0.0072
